campaign_id,brand,category,brand_tier,start_date,end_date,duration_days,campaign_type,promotion_name,traffic,orders,gmv,refund_rate,sku_count,conversion_rate,average_order_value,new_customer_ratio
CAMP00001,NorthPeak Athletics,Sports & Outdoor,Premium Global,2024-12-28,2025-01-01,4,New Arrival Launch,,20740,576,404948.66,0.0853507692307692,65,0.0278,703.04,0.3346
CAMP00002,NorthPeak Athletics,Sports & Outdoor,Premium Global,2025-01-09,2025-01-16,7,Clearance Event,,31790,2191,713309.72,0.0857224137931034,58,0.0689,325.56,0.2531
CAMP00003,NorthPeak Athletics,Sports & Outdoor,Premium Global,2025-01-14,2025-01-19,5,New Arrival Launch,,25433,710,417230.05,0.0836892307692307,65,0.0279,587.65,0.3437
CAMP00004,NorthPeak Athletics,Sports & Outdoor,Premium Global,2025-01-21,2025-01-27,6,Regular Sale,,30257,1485,825701.07,0.0847763636363636,55,0.0491,556.03,0.3999
CAMP00005,NorthPeak Athletics,Sports & Outdoor,Premium Global,2025-01-28,2025-02-02,5,Mega Campaign,,23950,1507,696532.56,0.0838511111111111,45,0.0629,462.2,0.2126
CAMP00006,NorthPeak Athletics,Sports & Outdoor,Premium Global,2025-01-29,2025-02-01,3,Clearance Event,,13771,982,332281.69,0.0870391304347826,46,0.0713,338.37,0.1844
CAMP00007,NorthPeak Athletics,Sports & Outdoor,Premium Global,2025-02-03,2025-02-07,4,Mega Campaign,,16742,1016,559111.39,0.08398,60,0.0607,550.31,0.3535
CAMP00008,NorthPeak Athletics,Sports & Outdoor,Premium Global,2025-02-16,2025-02-19,3,Clearance Event,,14271,989,294751.62,0.0827339622641509,53,0.0693,298.03,0.2919
CAMP00009,NorthPeak Athletics,Sports & Outdoor,Premium Global,2025-03-13,2025-03-18,5,Regular Sale,,29209,1657,1005907.51,0.0808025,40,0.0567,607.07,0.227
CAMP00010,NorthPeak Athletics,Sports & Outdoor,Premium Global,2025-03-27,2025-03-31,4,Regular Sale,,19482,1057,566962.01,0.08238125,48,0.0543,536.39,0.3396
CAMP00011,NorthPeak Athletics,Sports & Outdoor,Premium Global,2025-04-05,2025-04-12,7,New Arrival Launch,,36836,1193,629278.15,0.0820697674418604,43,0.0324,527.48,0.3145
CAMP00012,NorthPeak Athletics,Sports & Outdoor,Premium Global,2025-04-07,2025-04-11,4,Mega Campaign,,18053,1083,474207.71,0.0832815789473684,38,0.06,437.86,0.2337
CAMP00013,NorthPeak Athletics,Sports & Outdoor,Premium Global,2025-04-16,2025-04-21,5,Regular Sale,,31041,1536,852932.61,0.0881030303030303,33,0.0495,555.29,0.2734
CAMP00014,NorthPeak Athletics,Sports & Outdoor,Premium Global,2025-04-18,2025-04-22,4,Clearance Event,,22319,1505,444378.76,0.0893929824561403,57,0.0674,295.27,0.1957
CAMP00015,NorthPeak Athletics,Sports & Outdoor,Premium Global,2025-05-06,2025-05-13,7,New Arrival Launch,,39971,1068,632989.1,0.081771875,32,0.0267,592.69,0.4354
CAMP00016,NorthPeak Athletics,Sports & Outdoor,Premium Global,2025-05-10,2025-05-14,4,Regular Sale,,16279,671,447804.97,0.0817391304347826,46,0.0412,667.37,0.1544
CAMP00017,NorthPeak Athletics,Sports & Outdoor,Premium Global,2025-05-13,2025-05-17,4,New Arrival Launch,,16157,553,332007.36,0.08485,44,0.0342,600.37,0.2051
CAMP00018,NorthPeak Athletics,Sports & Outdoor,Premium Global,2025-05-25,2025-05-30,5,New Arrival Launch,,22206,694,335090.83,0.0844142857142857,35,0.0313,482.84,0.283
CAMP00019,NorthPeak Athletics,Sports & Outdoor,Premium Global,2025-06-22,2025-06-27,5,New Arrival Launch,,19854,573,368157.78,0.0851783783783783,37,0.0289,642.51,0.1581
CAMP00020,NorthPeak Athletics,Sports & Outdoor,Premium Global,2025-06-24,2025-06-29,5,New Arrival Launch,,25895,759,385212.32,0.0853363636363636,33,0.0293,507.53,0.3266
CAMP00021,NorthPeak Athletics,Sports & Outdoor,Premium Global,2025-07-06,2025-07-11,5,Mega Campaign,,26725,1675,773825.19,0.0868067796610169,59,0.0627,461.99,0.4342
CAMP00022,NorthPeak Athletics,Sports & Outdoor,Premium Global,2025-07-29,2025-08-01,3,Regular Sale,,16636,735,492941.08,0.0897999999999999,34,0.0442,670.67,0.1875
CAMP00023,NorthPeak Athletics,Sports & Outdoor,Premium Global,2025-08-02,2025-08-05,3,Regular Sale,,18295,887,548076.26,0.0832043478260869,46,0.0485,617.9,0.4045
CAMP00024,NorthPeak Athletics,Sports & Outdoor,Premium Global,2025-08-04,2025-08-07,3,Regular Sale,,14120,747,384999.15,0.0852878787878788,33,0.0529,515.39,0.2014
CAMP00025,NorthPeak Athletics,Sports & Outdoor,Premium Global,2025-08-12,2025-08-16,4,Regular Sale,,18714,906,522887.52,0.0845660714285714,56,0.0484,577.14,0.4216
CAMP00026,NorthPeak Athletics,Sports & Outdoor,Premium Global,2025-09-01,2025-09-07,6,Regular Sale,,26265,1321,708209.02,0.0916423728813559,59,0.0503,536.12,0.2509
CAMP00027,NorthPeak Athletics,Sports & Outdoor,Premium Global,2025-09-06,2025-09-10,4,Mega Campaign,Double 12 Mega Sale,31125,2038,826917.03,0.08376,45,0.0655,405.75,0.2834
CAMP00028,NorthPeak Athletics,Sports & Outdoor,Premium Global,2025-10-11,2025-10-18,7,Regular Sale,,37559,1685,977050.26,0.086796923076923,65,0.0449,579.85,0.4431
CAMP00029,NorthPeak Athletics,Sports & Outdoor,Premium Global,2025-10-25,2025-10-30,5,Regular Sale,,22347,1022,564376.42,0.0870136363636363,44,0.0457,552.23,0.4403
CAMP00030,NorthPeak Athletics,Sports & Outdoor,Premium Global,2025-11-04,2025-11-09,5,New Arrival Launch,,22427,743,327073.3,0.0832294117647058,34,0.0331,440.21,0.4172
CAMP00031,NorthPeak Athletics,Sports & Outdoor,Premium Global,2025-11-19,2025-11-24,5,Regular Sale,,27382,1040,425366.92,0.0820076923076923,39,0.038,409.01,0.3026
CAMP00032,NorthPeak Athletics,Sports & Outdoor,Premium Global,2025-11-28,2025-12-02,4,Mega Campaign,,20137,1204,560342.01,0.0836111111111111,63,0.0598,465.4,0.3326
CAMP00033,NorthPeak Athletics,Sports & Outdoor,Premium Global,2025-12-01,2025-12-06,5,Mega Campaign,,26536,1550,748897.02,0.079138775510204,49,0.0584,483.16,0.276
CAMP00034,NorthPeak Athletics,Sports & Outdoor,Premium Global,2025-12-07,2025-12-12,5,Mega Campaign,Lunar New Year Sale,47542,2672,992220.59,0.0796355555555555,45,0.0562,371.34,0.3109
CAMP00035,Strive Sportswear,Sports & Outdoor,Premium Global,2024-12-04,2024-12-08,4,Mega Campaign,,18008,1011,459256.79,0.0796489795918367,49,0.0561,454.26,0.3186
CAMP00036,Strive Sportswear,Sports & Outdoor,Premium Global,2024-12-17,2024-12-21,4,Mega Campaign,,22099,1457,630159.03,0.0792938775510204,49,0.0659,432.5,0.2002
CAMP00037,Strive Sportswear,Sports & Outdoor,Premium Global,2025-01-07,2025-01-12,5,Mega Campaign,,27179,1520,739091.3400000001,0.081775,44,0.0559,486.24,0.3249
CAMP00038,Strive Sportswear,Sports & Outdoor,Premium Global,2025-01-08,2025-01-12,4,Mega Campaign,,18222,1156,457048.37,0.0802083333333333,48,0.0634,395.37,0.2669
CAMP00039,Strive Sportswear,Sports & Outdoor,Premium Global,2025-01-21,2025-01-25,4,New Arrival Launch,,22373,562,311475.62,0.0814578947368421,38,0.0251,554.23,0.1933
CAMP00040,Strive Sportswear,Sports & Outdoor,Premium Global,2025-01-28,2025-02-02,5,Regular Sale,,23517,1088,558991.94,0.0852983870967741,62,0.0463,513.78,0.2665
CAMP00041,Strive Sportswear,Sports & Outdoor,Premium Global,2025-02-12,2025-02-17,5,Mega Campaign,Valentine Sale,36273,2088,1047612.58,0.0850720930232558,43,0.0576,501.73,0.1622
CAMP00042,Strive Sportswear,Sports & Outdoor,Premium Global,2025-03-03,2025-03-09,6,Mega Campaign,International Women's Day Sale,49997,3121,1258998.53,0.0820127272727272,55,0.0624,403.4,0.448
CAMP00043,Strive Sportswear,Sports & Outdoor,Premium Global,2025-03-14,2025-03-21,7,Regular Sale,,36334,1728,903897.55,0.0848229166666666,48,0.0476,523.09,0.2117
CAMP00044,Strive Sportswear,Sports & Outdoor,Premium Global,2025-03-30,2025-04-03,4,Regular Sale,,20703,800,442477.09,0.0882673913043478,46,0.0386,553.1,0.3986
CAMP00045,Strive Sportswear,Sports & Outdoor,Premium Global,2025-04-04,2025-04-09,5,Clearance Event,,23728,1591,364667.58,0.08736875,32,0.0671,229.21,0.1813
CAMP00046,Strive Sportswear,Sports & Outdoor,Premium Global,2025-04-05,2025-04-09,4,Mega Campaign,,16795,827,360676.27,0.08501,40,0.0492,436.13,0.426
CAMP00047,Strive Sportswear,Sports & Outdoor,Premium Global,2025-04-13,2025-04-18,5,Mega Campaign,Season Refresh,23727,1513,777597.3200000001,0.0834232142857143,56,0.0638,513.94,0.2563
CAMP00048,Strive Sportswear,Sports & Outdoor,Premium Global,2025-05-05,2025-05-12,7,Regular Sale,,40162,1827,969348.94,0.085265,60,0.0455,530.57,0.4119
CAMP00049,Strive Sportswear,Sports & Outdoor,Premium Global,2025-05-11,2025-05-16,5,Regular Sale,,23479,1069,595683.9099999999,0.082353125,32,0.0455,557.23,0.2218
CAMP00050,Strive Sportswear,Sports & Outdoor,Premium Global,2025-05-14,2025-05-19,5,New Arrival Launch,,24948,750,474346.51,0.0835294117647058,51,0.0301,632.46,0.4441
CAMP00051,Strive Sportswear,Sports & Outdoor,Premium Global,2025-05-26,2025-05-31,5,New Arrival Launch,,25087,753,481896.86,0.0834735849056603,53,0.03,639.97,0.2248
CAMP00052,Strive Sportswear,Sports & Outdoor,Premium Global,2025-06-05,2025-06-11,6,Mega Campaign,,31434,1592,789685.11,0.0835177419354838,62,0.0506,496.03,0.3419
CAMP00053,Strive Sportswear,Sports & Outdoor,Premium Global,2025-06-23,2025-06-28,5,Mega Campaign,,26753,1727,934673.64,0.080038775510204,49,0.0646,541.21,0.2183
CAMP00054,Strive Sportswear,Sports & Outdoor,Premium Global,2025-07-04,2025-07-08,4,New Arrival Launch,,18769,611,351419.77,0.0887218181818181,55,0.0326,575.16,0.2983
CAMP00055,Strive Sportswear,Sports & Outdoor,Premium Global,2025-07-24,2025-07-29,5,Mega Campaign,,23942,1502,738270.86,0.0856781818181818,55,0.0627,491.53,0.2927
CAMP00056,Strive Sportswear,Sports & Outdoor,Premium Global,2025-07-28,2025-08-04,7,Regular Sale,,36630,1882,985598.87,0.0823736842105263,38,0.0514,523.7,0.4297
CAMP00057,Strive Sportswear,Sports & Outdoor,Premium Global,2025-08-06,2025-08-09,3,Mega Campaign,Labor Day Sale,21454,1271,589730.98,0.0855666666666666,48,0.0592,463.99,0.265
CAMP00058,Strive Sportswear,Sports & Outdoor,Premium Global,2025-08-21,2025-08-25,4,Mega Campaign,,19059,1190,558118.09,0.0821320754716981,53,0.0624,469.01,0.2459
CAMP00059,Strive Sportswear,Sports & Outdoor,Premium Global,2025-09-04,2025-09-08,4,Regular Sale,,15071,812,483311.65,0.07848,40,0.0539,595.21,0.3032
CAMP00060,Strive Sportswear,Sports & Outdoor,Premium Global,2025-09-20,2025-09-26,6,Mega Campaign,,27709,1566,749928.45,0.0818904761904761,63,0.0565,478.88,0.2872
CAMP00061,Strive Sportswear,Sports & Outdoor,Premium Global,2025-09-28,2025-10-01,3,Regular Sale,,12123,532,343519.4,0.0828661016949152,59,0.0439,645.71,0.3455
CAMP00062,Strive Sportswear,Sports & Outdoor,Premium Global,2025-10-31,2025-11-05,5,New Arrival Launch,,23520,647,365068.82,0.0846772727272727,44,0.0275,564.25,0.2808
CAMP00063,Strive Sportswear,Sports & Outdoor,Premium Global,2025-11-03,2025-11-08,5,Regular Sale,,26031,1154,576015.66,0.0827837209302325,43,0.0443,499.15,0.3925
CAMP00064,Strive Sportswear,Sports & Outdoor,Premium Global,2025-11-16,2025-11-20,4,New Arrival Launch,,18022,598,445975.97,0.08541875,48,0.0332,745.78,0.1946
CAMP00065,Strive Sportswear,Sports & Outdoor,Premium Global,2025-11-25,2025-12-02,7,Mega Campaign,,29094,1763,978787.53,0.0895473684210526,38,0.0606,555.18,0.3453
CAMP00066,Strive Sportswear,Sports & Outdoor,Premium Global,2025-12-15,2025-12-21,6,Regular Sale,,30482,1440,714567.22,0.0870344827586206,58,0.0472,496.23,0.2947
CAMP00067,Strive Sportswear,Sports & Outdoor,Premium Global,2025-12-23,2025-12-30,7,Regular Sale,,38709,2032,1014309.31,0.08669375,32,0.0525,499.17,0.3225
CAMP00068,CoreMotion Performance,Sports & Outdoor,Premium Global,2024-12-15,2024-12-21,6,Mega Campaign,,23108,1811,623077.73,0.0801388888888888,36,0.0784,344.05,0.3719
CAMP00069,CoreMotion Performance,Sports & Outdoor,Premium Global,2024-12-21,2024-12-27,6,Regular Sale,,21564,1065,438751.19,0.07979375,32,0.0494,411.97,0.2837
CAMP00070,CoreMotion Performance,Sports & Outdoor,Premium Global,2025-02-03,2025-02-06,3,Regular Sale,,11465,586,220834.6,0.0737875,32,0.0511,376.85,0.3965
CAMP00071,CoreMotion Performance,Sports & Outdoor,Premium Global,2025-02-05,2025-02-10,5,Regular Sale,,18680,940,426649.47,0.081925,36,0.0503,453.88,0.2448
CAMP00072,CoreMotion Performance,Sports & Outdoor,Premium Global,2025-02-20,2025-02-25,5,Regular Sale,,17836,983,368089.99,0.0760342857142857,35,0.0551,374.46,0.3367
CAMP00073,CoreMotion Performance,Sports & Outdoor,Premium Global,2025-03-12,2025-03-16,4,Mega Campaign,,13211,947,285610.61,0.0804173913043478,23,0.0717,301.6,0.2236
CAMP00074,CoreMotion Performance,Sports & Outdoor,Premium Global,2025-04-04,2025-04-10,6,Regular Sale,,20758,965,431996.03,0.080558064516129,31,0.0465,447.66,0.2375
CAMP00075,CoreMotion Performance,Sports & Outdoor,Premium Global,2025-04-17,2025-04-24,7,Regular Sale,,27517,1320,550841.25,0.0745730769230769,26,0.048,417.3,0.2056
CAMP00076,CoreMotion Performance,Sports & Outdoor,Premium Global,2025-04-27,2025-05-04,7,Mega Campaign,618 Mid-Year Sale,37328,3012,1131110.18,0.0711222222222222,27,0.0807,375.53,0.3482
CAMP00077,CoreMotion Performance,Sports & Outdoor,Premium Global,2025-05-15,2025-05-20,5,Mega Campaign,,18996,1170,428243.91,0.0827079999999999,25,0.0616,366.02,0.4379
CAMP00078,CoreMotion Performance,Sports & Outdoor,Premium Global,2025-05-17,2025-05-22,5,Mega Campaign,,19792,1456,544879.74,0.0773413793103448,29,0.0736,374.23,0.206
CAMP00079,CoreMotion Performance,Sports & Outdoor,Premium Global,2025-06-12,2025-06-16,4,Mega Campaign,,13557,852,281979.02,0.080925641025641,39,0.0628,330.96,0.2586
CAMP00080,CoreMotion Performance,Sports & Outdoor,Premium Global,2025-06-23,2025-06-29,6,Regular Sale,,20499,1147,356602.48,0.0808714285714285,21,0.056,310.9,0.173
CAMP00081,CoreMotion Performance,Sports & Outdoor,Premium Global,2025-06-24,2025-06-27,3,New Arrival Launch,,12580,370,158148.6,0.0793969696969696,33,0.0294,427.43,0.4221
CAMP00082,CoreMotion Performance,Sports & Outdoor,Premium Global,2025-07-09,2025-07-14,5,Regular Sale,,13698,590,224870.95,0.0796633333333333,30,0.0431,381.14,0.1813
CAMP00083,CoreMotion Performance,Sports & Outdoor,Premium Global,2025-08-03,2025-08-08,5,Mega Campaign,Labor Day Sale,28430,1795,663312.62,0.0723952380952381,21,0.0631,369.53,0.2349
CAMP00084,CoreMotion Performance,Sports & Outdoor,Premium Global,2025-08-13,2025-08-17,4,Clearance Event,,14774,1183,284025.51,0.0811638888888888,36,0.0801,240.09,0.1891
CAMP00085,CoreMotion Performance,Sports & Outdoor,Premium Global,2025-08-21,2025-08-26,5,Mega Campaign,,19216,1347,487602.18,0.079652,25,0.0701,361.99,0.4234
CAMP00086,CoreMotion Performance,Sports & Outdoor,Premium Global,2025-09-09,2025-09-15,6,Mega Campaign,Double 12 Mega Sale,25417,1849,651585.22,0.07902,20,0.0727,352.4,0.3785
CAMP00087,CoreMotion Performance,Sports & Outdoor,Premium Global,2025-10-07,2025-10-13,6,Regular Sale,,16273,978,370988.9,0.0738444444444444,27,0.0601,379.33,0.4297
CAMP00088,CoreMotion Performance,Sports & Outdoor,Premium Global,2025-10-13,2025-10-18,5,Mega Campaign,,20602,1448,533321.49,0.0739806451612903,31,0.0703,368.32,0.1627
CAMP00089,CoreMotion Performance,Sports & Outdoor,Premium Global,2025-11-06,2025-11-13,7,Mega Campaign,Summer Refresh Sale,76125,4586,1418673.99,0.0846774999999999,40,0.0602,309.35,0.3325
CAMP00090,CoreMotion Performance,Sports & Outdoor,Premium Global,2025-11-08,2025-11-15,7,Mega Campaign,Summer Refresh Sale,80079,6479,1626289.37,0.0746736842105263,38,0.0809,251.01,0.3739
CAMP00091,CoreMotion Performance,Sports & Outdoor,Premium Global,2025-11-17,2025-11-22,5,Regular Sale,,18557,1011,384971.5,0.0791157894736842,38,0.0545,380.78,0.3436
CAMP00092,CoreMotion Performance,Sports & Outdoor,Premium Global,2025-11-21,2025-11-25,4,Regular Sale,,12988,730,274203.13,0.080105,20,0.0562,375.62,0.2134
CAMP00093,CoreMotion Performance,Sports & Outdoor,Premium Global,2025-11-29,2025-12-06,7,Mega Campaign,,26384,1678,471295.23,0.0816190476190476,21,0.0636,280.87,0.4038
CAMP00094,CoreMotion Performance,Sports & Outdoor,Premium Global,2025-12-08,2025-12-14,6,Mega Campaign,Lunar New Year Sale,43092,2511,716181.3,0.080592,25,0.0583,285.22,0.3706
CAMP00095,CoreMotion Performance,Sports & Outdoor,Premium Global,2025-12-18,2025-12-22,4,Regular Sale,,13972,681,263268.57,0.0866054054054054,37,0.0487,386.59,0.2569
CAMP00096,RetroFit Active,Sports & Outdoor,Premium Global,2024-12-25,2024-12-28,3,Regular Sale,,8463,406,163741.5,0.0865375,32,0.048,403.3,0.1713
CAMP00097,RetroFit Active,Sports & Outdoor,Premium Global,2025-01-02,2025-01-07,5,New Arrival Launch,,18368,579,201165.35,0.0787952380952381,21,0.0315,347.44,0.1943
CAMP00098,RetroFit Active,Sports & Outdoor,Premium Global,2025-01-05,2025-01-11,6,Clearance Event,,14891,1161,207113.11,0.0927433333333333,30,0.078,178.39,0.3103
CAMP00099,RetroFit Active,Sports & Outdoor,Premium Global,2025-01-20,2025-01-23,3,Mega Campaign,Anniversary Warm-Up,11100,556,178745.84,0.080895238095238,21,0.0501,321.49,0.3932
CAMP00100,RetroFit Active,Sports & Outdoor,Premium Global,2025-01-21,2025-01-25,4,Regular Sale,,9468,421,159162.91,0.0918479999999999,25,0.0445,378.06,0.2434
CAMP00101,RetroFit Active,Sports & Outdoor,Premium Global,2025-01-28,2025-01-31,3,Clearance Event,,8731,596,145296.4,0.0865583333333333,24,0.0683,243.79,0.364
CAMP00102,RetroFit Active,Sports & Outdoor,Premium Global,2025-01-31,2025-02-05,5,Mega Campaign,,13536,660,207008.16,0.09286,15,0.0488,313.65,0.438
CAMP00103,RetroFit Active,Sports & Outdoor,Premium Global,2025-02-11,2025-02-15,4,Mega Campaign,Valentine Sale,12780,611,223957.81,0.0955714285714285,21,0.0478,366.54,0.1648
CAMP00104,RetroFit Active,Sports & Outdoor,Premium Global,2025-03-11,2025-03-16,5,Clearance Event,,14281,958,162826.33000000002,0.0780714285714285,21,0.0671,169.96,0.1678
CAMP00105,RetroFit Active,Sports & Outdoor,Premium Global,2025-03-12,2025-03-16,4,Mega Campaign,,11836,773,285616.13,0.0842388888888888,18,0.0653,369.49,0.161
CAMP00106,RetroFit Active,Sports & Outdoor,Premium Global,2025-03-18,2025-03-23,5,New Arrival Launch,,18150,589,311072.28,0.08556,30,0.0325,528.14,0.4187
CAMP00107,RetroFit Active,Sports & Outdoor,Premium Global,2025-03-25,2025-03-31,6,Mega Campaign,,15812,665,153998.44999999998,0.0877045454545454,22,0.0421,231.58,0.273
CAMP00108,RetroFit Active,Sports & Outdoor,Premium Global,2025-04-29,2025-05-03,4,Mega Campaign,618 Mid-Year Sale,14398,653,163209.24,0.0870047619047619,21,0.0454,249.94,0.256
CAMP00109,RetroFit Active,Sports & Outdoor,Premium Global,2025-05-06,2025-05-11,5,New Arrival Launch,,12099,365,170975.68,0.0891444444444444,27,0.0302,468.43,0.2605
CAMP00110,RetroFit Active,Sports & Outdoor,Premium Global,2025-06-29,2025-07-04,5,Regular Sale,,14200,611,239528.95,0.0834272727272727,22,0.043,392.03,0.2463
CAMP00111,RetroFit Active,Sports & Outdoor,Premium Global,2025-08-12,2025-08-19,7,Clearance Event,,22408,1762,438825.4,0.089625,32,0.0786,249.05,0.1679
CAMP00112,RetroFit Active,Sports & Outdoor,Premium Global,2025-08-23,2025-08-28,5,New Arrival Launch,,12159,400,146277.25,0.086904,25,0.0329,365.69,0.4028
CAMP00113,RetroFit Active,Sports & Outdoor,Premium Global,2025-10-01,2025-10-06,5,Clearance Event,,15138,1211,259618.92,0.0836041666666666,24,0.08,214.38,0.3217
CAMP00114,RetroFit Active,Sports & Outdoor,Premium Global,2025-10-02,2025-10-09,7,Mega Campaign,,22697,1607,387575.71,0.0848777777777777,27,0.0708,241.18,0.1856
CAMP00115,RetroFit Active,Sports & Outdoor,Premium Global,2025-10-07,2025-10-14,7,Mega Campaign,,19128,1298,378743.17,0.0832689655172413,29,0.0679,291.79,0.2384
CAMP00116,RetroFit Active,Sports & Outdoor,Premium Global,2025-10-11,2025-10-17,6,Regular Sale,,14635,792,302119.1,0.086103125,32,0.0541,381.46,0.2602
CAMP00117,RetroFit Active,Sports & Outdoor,Premium Global,2025-10-24,2025-10-30,6,Regular Sale,,15213,678,254215.02,0.0870923076923077,26,0.0446,374.95,0.3042
CAMP00118,RetroFit Active,Sports & Outdoor,Premium Global,2025-10-27,2025-10-30,3,Mega Campaign,,7675,436,90131.34,0.0831916666666666,24,0.0568,206.72,0.3964
CAMP00119,RetroFit Active,Sports & Outdoor,Premium Global,2025-11-29,2025-12-05,6,Clearance Event,,17357,1118,276253.61,0.0868347826086956,23,0.0644,247.1,0.3928
CAMP00120,RetroFit Active,Sports & Outdoor,Premium Global,2025-12-23,2025-12-27,4,Clearance Event,,11528,551,96515.29,0.0882692307692307,26,0.0478,175.16,0.427
CAMP00121,AquaPulse,Sports & Outdoor,Specialist Global,2024-12-15,2024-12-20,5,New Arrival Launch,,11153,357,127878.41,0.088155,20,0.032,358.2,0.2669
CAMP00122,AquaPulse,Sports & Outdoor,Specialist Global,2024-12-26,2024-12-30,4,Mega Campaign,,7227,483,122990.78,0.0787461538461538,26,0.0668,254.64,0.3462
CAMP00123,AquaPulse,Sports & Outdoor,Specialist Global,2025-01-05,2025-01-10,5,New Arrival Launch,,9615,261,62662.62,0.0854526315789473,19,0.0271,240.09,0.3699
CAMP00124,AquaPulse,Sports & Outdoor,Specialist Global,2025-01-12,2025-01-16,4,Regular Sale,,8153,421,133641.02,0.0849894736842105,19,0.0516,317.44,0.2495
CAMP00125,AquaPulse,Sports & Outdoor,Specialist Global,2025-01-30,2025-02-05,6,Clearance Event,,14157,983,119369.72,0.0843538461538461,13,0.0694,121.43,0.2415
CAMP00126,AquaPulse,Sports & Outdoor,Specialist Global,2025-02-03,2025-02-08,5,Regular Sale,,11079,538,140558.89,0.0804291666666666,24,0.0486,261.26,0.2889
CAMP00127,AquaPulse,Sports & Outdoor,Specialist Global,2025-03-02,2025-03-07,5,Regular Sale,,10914,388,106967.44,0.0823304347826087,23,0.0356,275.69,0.4373
CAMP00128,AquaPulse,Sports & Outdoor,Specialist Global,2025-04-19,2025-04-24,5,Mega Campaign,,9985,726,157964.73,0.0785631578947368,19,0.0727,217.58,0.3167
CAMP00129,AquaPulse,Sports & Outdoor,Specialist Global,2025-05-05,2025-05-09,4,Regular Sale,,8897,458,123758.83,0.087175,24,0.0515,270.22,0.2065
CAMP00130,AquaPulse,Sports & Outdoor,Specialist Global,2025-05-30,2025-06-03,4,Regular Sale,,9337,357,113017.16,0.083244,25,0.0382,316.57,0.3481
CAMP00131,AquaPulse,Sports & Outdoor,Specialist Global,2025-06-16,2025-06-21,5,Mega Campaign,Autumn Refresh Sale,27036,1753,402609.07,0.0828470588235294,17,0.0648,229.67,0.1525
CAMP00132,AquaPulse,Sports & Outdoor,Specialist Global,2025-06-20,2025-06-25,5,Regular Sale,,11282,547,135069.77,0.0879,26,0.0485,246.93,0.3229
CAMP00133,AquaPulse,Sports & Outdoor,Specialist Global,2025-06-24,2025-06-28,4,Clearance Event,,8080,769,129571.75,0.0780199999999999,15,0.0952,168.49,0.2263
CAMP00134,AquaPulse,Sports & Outdoor,Specialist Global,2025-06-27,2025-07-02,5,Mega Campaign,,10890,508,141783.39,0.0887823529411764,17,0.0466,279.1,0.3284
CAMP00135,AquaPulse,Sports & Outdoor,Specialist Global,2025-07-15,2025-07-19,4,Mega Campaign,Double 11 Presale,10580,653,154943.16,0.0836117647058823,17,0.0617,237.28,0.1677
CAMP00136,AquaPulse,Sports & Outdoor,Specialist Global,2025-07-25,2025-07-31,6,Regular Sale,,12083,500,136590.44,0.0770722222222222,18,0.0414,273.18,0.4324
CAMP00137,AquaPulse,Sports & Outdoor,Specialist Global,2025-07-28,2025-08-04,7,Regular Sale,,10478,564,154419.1,0.0752083333333333,12,0.0538,273.79,0.3071
CAMP00138,AquaPulse,Sports & Outdoor,Specialist Global,2025-08-20,2025-08-27,7,Mega Campaign,,13043,745,149550.52,0.0795333333333333,21,0.0571,200.74,0.2692
CAMP00139,AquaPulse,Sports & Outdoor,Specialist Global,2025-09-05,2025-09-11,6,Mega Campaign,Double 12 Mega Sale,15797,1210,262746.86,0.085772,25,0.0766,217.15,0.1917
CAMP00140,AquaPulse,Sports & Outdoor,Specialist Global,2025-09-28,2025-10-04,6,Clearance Event,,13774,1225,200502.72,0.08372,15,0.0889,163.68,0.1607
CAMP00141,AquaPulse,Sports & Outdoor,Specialist Global,2025-10-14,2025-10-20,6,Regular Sale,,14845,622,155740.12,0.0858521739130434,23,0.0419,250.39,0.171
CAMP00142,AquaPulse,Sports & Outdoor,Specialist Global,2025-11-22,2025-11-29,7,Regular Sale,,14720,669,223313.5,0.1023285714285714,14,0.0454,333.8,0.4014
CAMP00143,AquaPulse,Sports & Outdoor,Specialist Global,2025-12-04,2025-12-10,6,New Arrival Launch,,10235,299,118946.52,0.07845,12,0.0292,397.81,0.2671
CAMP00144,SummitLane Sports,Sports & Outdoor,Premium Domestic,2024-12-08,2024-12-12,4,Mega Campaign,Lunar New Year Sale,27918,1569,418603.74,0.089878125,32,0.0562,266.8,0.3776
CAMP00145,SummitLane Sports,Sports & Outdoor,Premium Domestic,2025-01-06,2025-01-11,5,Regular Sale,,17614,898,264549.67,0.0860097560975609,41,0.051,294.6,0.3295
CAMP00146,SummitLane Sports,Sports & Outdoor,Premium Domestic,2025-03-04,2025-03-09,5,Mega Campaign,International Women's Day Sale,24868,1424,387829.8,0.0820928571428571,42,0.0573,272.35,0.3202
CAMP00147,SummitLane Sports,Sports & Outdoor,Premium Domestic,2025-03-09,2025-03-13,4,New Arrival Launch,,17745,588,256546.23,0.0871214285714285,42,0.0331,436.3,0.227
CAMP00148,SummitLane Sports,Sports & Outdoor,Premium Domestic,2025-03-23,2025-03-27,4,Regular Sale,,14747,673,258017.23,0.0871382978723404,47,0.0456,383.38,0.1731
CAMP00149,SummitLane Sports,Sports & Outdoor,Premium Domestic,2025-04-03,2025-04-07,4,Regular Sale,,15478,777,232652.46,0.0840729729729729,37,0.0502,299.42,0.3248
CAMP00150,SummitLane Sports,Sports & Outdoor,Premium Domestic,2025-04-06,2025-04-11,5,Mega Campaign,,21779,1433,423124.57,0.0860181818181818,33,0.0658,295.27,0.2281
CAMP00151,SummitLane Sports,Sports & Outdoor,Premium Domestic,2025-05-18,2025-05-22,4,Mega Campaign,,18052,1201,283461.25,0.0903214285714285,28,0.0665,236.02,0.4307
CAMP00152,SummitLane Sports,Sports & Outdoor,Premium Domestic,2025-05-22,2025-05-26,4,Regular Sale,,17160,700,224627.93,0.08782,30,0.0408,320.9,0.3695
CAMP00153,SummitLane Sports,Sports & Outdoor,Premium Domestic,2025-05-28,2025-06-01,4,Clearance Event,,13557,1149,227403.87,0.0841029411764705,34,0.0848,197.91,0.1733
CAMP00154,SummitLane Sports,Sports & Outdoor,Premium Domestic,2025-06-07,2025-06-14,7,Clearance Event,,26451,1840,395369.46,0.0940322580645161,31,0.0696,214.87,0.3442
CAMP00155,SummitLane Sports,Sports & Outdoor,Premium Domestic,2025-06-11,2025-06-15,4,Regular Sale,,15679,695,289549.56,0.0832305555555555,36,0.0443,416.62,0.1504
CAMP00156,SummitLane Sports,Sports & Outdoor,Premium Domestic,2025-06-21,2025-06-27,6,Regular Sale,,19652,893,306961.59,0.0834261904761904,42,0.0454,343.74,0.1602
CAMP00157,SummitLane Sports,Sports & Outdoor,Premium Domestic,2025-06-30,2025-07-04,4,New Arrival Launch,,13548,411,179968.77,0.087044,50,0.0303,437.88,0.2997
CAMP00158,SummitLane Sports,Sports & Outdoor,Premium Domestic,2025-07-10,2025-07-16,6,Mega Campaign,Double 11 Presale,28435,1716,324421.26,0.0839774193548387,31,0.0603,189.06,0.4112
CAMP00159,SummitLane Sports,Sports & Outdoor,Premium Domestic,2025-07-25,2025-07-31,6,Clearance Event,,25532,1918,421425.09,0.0887,39,0.0751,219.72,0.3822
CAMP00160,SummitLane Sports,Sports & Outdoor,Premium Domestic,2025-09-13,2025-09-18,5,Regular Sale,,17383,836,236907.54,0.0828170731707317,41,0.0481,283.38,0.1635
CAMP00161,SummitLane Sports,Sports & Outdoor,Premium Domestic,2025-09-25,2025-09-29,4,Regular Sale,,16980,846,307088.01,0.0821454545454545,44,0.0498,362.99,0.2878
CAMP00162,SummitLane Sports,Sports & Outdoor,Premium Domestic,2025-11-06,2025-11-11,5,Mega Campaign,Summer Refresh Sale,49224,3412,963247.86,0.0879666666666666,45,0.0693,282.31,0.3475
CAMP00163,SummitLane Sports,Sports & Outdoor,Premium Domestic,2025-11-09,2025-11-13,4,Mega Campaign,Summer Refresh Sale,36091,2444,755699.54,0.0861705882352941,34,0.0677,309.21,0.2253
CAMP00164,SummitLane Sports,Sports & Outdoor,Premium Domestic,2025-11-16,2025-11-21,5,Regular Sale,,20895,1025,330965.64,0.080784375,32,0.0491,322.89,0.239
CAMP00165,SummitLane Sports,Sports & Outdoor,Premium Domestic,2025-11-20,2025-11-27,7,Mega Campaign,,28724,1940,483664.26,0.0823875,48,0.0675,249.31,0.1773
CAMP00166,SummitLane Sports,Sports & Outdoor,Premium Domestic,2025-11-28,2025-12-04,6,Regular Sale,,24121,1114,364416.81,0.084436,50,0.0462,327.12,0.4172
CAMP00167,SummitLane Sports,Sports & Outdoor,Premium Domestic,2025-12-01,2025-12-05,4,Clearance Event,,14346,1022,207300.46,0.0764435897435897,39,0.0712,202.84,0.1603
CAMP00168,SummitLane Sports,Sports & Outdoor,Premium Domestic,2025-12-07,2025-12-11,4,New Arrival Launch,,16083,469,185340.75,0.0800021276595744,47,0.0292,395.18,0.3732
CAMP00169,SummitLane Sports,Sports & Outdoor,Premium Domestic,2025-12-13,2025-12-16,3,Regular Sale,,12399,573,179926.22,0.0794795454545454,44,0.0462,314.01,0.2496
CAMP00170,SummitLane Sports,Sports & Outdoor,Premium Domestic,2025-12-14,2025-12-19,5,New Arrival Launch,,19480,573,201523.47,0.0850574468085106,47,0.0294,351.7,0.4154
CAMP00171,SummitLane Sports,Sports & Outdoor,Premium Domestic,2025-12-18,2025-12-24,6,Regular Sale,,23299,1207,369212.55,0.0854435897435897,39,0.0518,305.89,0.2418
CAMP00172,FlexStep,Sports & Outdoor,Mass Global,2024-12-07,2024-12-12,5,Mega Campaign,Lunar New Year Sale,30932,1625,461733.79,0.0922771428571428,35,0.0525,284.14,0.4291
CAMP00173,FlexStep,Sports & Outdoor,Mass Global,2024-12-14,2024-12-19,5,Clearance Event,,16259,1045,227442.42,0.0840346153846153,26,0.0643,217.65,0.2438
CAMP00174,FlexStep,Sports & Outdoor,Mass Global,2025-01-25,2025-01-30,5,Regular Sale,,12164,590,153964.16,0.0939181818181818,44,0.0485,260.96,0.2222
CAMP00175,FlexStep,Sports & Outdoor,Mass Global,2025-02-02,2025-02-09,7,Mega Campaign,,23705,1491,467914.57,0.086884375,32,0.0629,313.83,0.3993
CAMP00176,FlexStep,Sports & Outdoor,Mass Global,2025-03-10,2025-03-14,4,Regular Sale,,10297,587,134478.0,0.0912,26,0.057,229.09,0.2096
CAMP00177,FlexStep,Sports & Outdoor,Mass Global,2025-03-31,2025-04-07,7,New Arrival Launch,,19721,561,177976.13999999998,0.083772,25,0.0284,317.25,0.21
CAMP00178,FlexStep,Sports & Outdoor,Mass Global,2025-04-03,2025-04-10,7,Clearance Event,,21733,1423,259281.03,0.0896454545454545,44,0.0655,182.21,0.1817
CAMP00179,FlexStep,Sports & Outdoor,Mass Global,2025-04-17,2025-04-21,4,New Arrival Launch,,13380,373,110176.43,0.0917263157894736,38,0.0279,295.38,0.2277
CAMP00180,FlexStep,Sports & Outdoor,Mass Global,2025-04-23,2025-04-27,4,Regular Sale,,12372,473,180285.93,0.0850527777777777,36,0.0382,381.15,0.3946
CAMP00181,FlexStep,Sports & Outdoor,Mass Global,2025-05-04,2025-05-07,3,Regular Sale,,9723,435,128552.81,0.0908192307692307,26,0.0447,295.52,0.301
CAMP00182,FlexStep,Sports & Outdoor,Mass Global,2025-05-31,2025-06-04,4,Regular Sale,,13962,607,177221.65,0.088828947368421,38,0.0435,291.96,0.2011
CAMP00183,FlexStep,Sports & Outdoor,Mass Global,2025-06-30,2025-07-06,6,Regular Sale,,21324,1024,331930.14,0.0881634146341463,41,0.048,324.15,0.2178
CAMP00184,FlexStep,Sports & Outdoor,Mass Global,2025-07-09,2025-07-12,3,Regular Sale,,9421,348,89519.99,0.0877272727272727,22,0.0369,257.24,0.2448
CAMP00185,FlexStep,Sports & Outdoor,Mass Global,2025-07-10,2025-07-14,4,Clearance Event,,11245,625,117564.59,0.0888405405405405,37,0.0556,188.1,0.1505
CAMP00186,FlexStep,Sports & Outdoor,Mass Global,2025-07-14,2025-07-19,5,Mega Campaign,Double 11 Presale,21135,1136,265259.89,0.0760818181818181,22,0.0537,233.5,0.3665
CAMP00187,FlexStep,Sports & Outdoor,Mass Global,2025-07-25,2025-07-31,6,Mega Campaign,,19686,1363,344569.3,0.0860086956521739,23,0.0692,252.8,0.4337
CAMP00188,FlexStep,Sports & Outdoor,Mass Global,2025-08-08,2025-08-12,4,Mega Campaign,Labor Day Sale,22105,1198,334621.58,0.0871880952380952,42,0.0542,279.32,0.3845
CAMP00189,FlexStep,Sports & Outdoor,Mass Global,2025-09-26,2025-10-02,6,Clearance Event,,19264,1051,204730.66,0.0872090909090909,22,0.0546,194.8,0.3087
CAMP00190,FlexStep,Sports & Outdoor,Mass Global,2025-10-05,2025-10-10,5,Regular Sale,,14693,704,222391.25,0.0888911111111111,45,0.0479,315.9,0.2577
CAMP00191,FlexStep,Sports & Outdoor,Mass Global,2025-10-10,2025-10-14,4,Regular Sale,,12913,659,191322.49,0.084,21,0.051,290.32,0.444
CAMP00192,FlexStep,Sports & Outdoor,Mass Global,2025-10-20,2025-10-24,4,Mega Campaign,Double 11 Peak Sale,21534,1270,314102.17,0.085285294117647,34,0.059,247.32,0.2143
CAMP00193,FlexStep,Sports & Outdoor,Mass Global,2025-10-21,2025-10-28,7,Mega Campaign,Double 11 Peak Sale,36427,1868,425839.31,0.090248,25,0.0513,227.97,0.1768
CAMP00194,FlexStep,Sports & Outdoor,Mass Global,2025-11-05,2025-11-10,5,Mega Campaign,,16637,771,240596.22,0.0931048780487804,41,0.0463,312.06,0.3479
CAMP00195,FlexStep,Sports & Outdoor,Mass Global,2025-12-20,2025-12-24,4,Regular Sale,,11278,499,168187.13999999998,0.0883321428571428,28,0.0442,337.05,0.3028
CAMP00196,FlexStep,Sports & Outdoor,Mass Global,2025-12-21,2025-12-26,5,New Arrival Launch,,11830,388,187558.53,0.0924173913043478,23,0.0328,483.4,0.3107
CAMP00197,FlexStep,Sports & Outdoor,Mass Global,2025-12-23,2025-12-29,6,Clearance Event,,20583,1359,298260.36,0.085313953488372,43,0.066,219.47,0.3784
CAMP00198,TrailForge,Sports & Outdoor,Outdoor Specialist,2024-12-27,2024-12-31,4,Regular Sale,,9666,524,209072.19,0.0778619047619047,21,0.0542,398.99,0.2835
CAMP00199,TrailForge,Sports & Outdoor,Outdoor Specialist,2024-12-29,2025-01-02,4,New Arrival Launch,,8510,313,125802.04,0.0900647058823529,17,0.0368,401.92,0.1653
CAMP00200,TrailForge,Sports & Outdoor,Outdoor Specialist,2025-01-01,2025-01-04,3,Regular Sale,,6946,394,126306.85,0.082395652173913,23,0.0567,320.58,0.185
CAMP00201,TrailForge,Sports & Outdoor,Outdoor Specialist,2025-01-11,2025-01-16,5,New Arrival Launch,,13238,436,202402.83,0.0801666666666666,33,0.0329,464.23,0.257
CAMP00202,TrailForge,Sports & Outdoor,Outdoor Specialist,2025-02-01,2025-02-07,6,Regular Sale,,17073,824,304355.6,0.0865290322580645,31,0.0483,369.36,0.4345
CAMP00203,TrailForge,Sports & Outdoor,Outdoor Specialist,2025-02-27,2025-03-04,5,Clearance Event,,15763,1169,219193.31,0.0789285714285714,28,0.0742,187.5,0.3897
CAMP00204,TrailForge,Sports & Outdoor,Outdoor Specialist,2025-03-03,2025-03-07,4,Regular Sale,,11540,631,205690.86,0.0768333333333333,18,0.0547,325.98,0.3755
CAMP00205,TrailForge,Sports & Outdoor,Outdoor Specialist,2025-03-15,2025-03-19,4,Clearance Event,,10815,796,177339.28999999998,0.0843333333333333,36,0.0736,222.79,0.2128
CAMP00206,TrailForge,Sports & Outdoor,Outdoor Specialist,2025-05-02,2025-05-05,3,Regular Sale,,7639,400,144786.27000000002,0.0825567567567567,37,0.0524,361.97,0.3685
CAMP00207,TrailForge,Sports & Outdoor,Outdoor Specialist,2025-05-05,2025-05-11,6,New Arrival Launch,,15642,501,176890.51,0.0788861111111111,36,0.032,353.07,0.2155
CAMP00208,TrailForge,Sports & Outdoor,Outdoor Specialist,2025-05-16,2025-05-21,5,Mega Campaign,,13059,893,251958.51,0.086303125,32,0.0684,282.15,0.2449
CAMP00209,TrailForge,Sports & Outdoor,Outdoor Specialist,2025-06-04,2025-06-08,4,Regular Sale,,9490,514,188901.87,0.084428125,32,0.0542,367.51,0.4155
CAMP00210,TrailForge,Sports & Outdoor,Outdoor Specialist,2025-07-20,2025-07-26,6,Clearance Event,,18084,1422,337771.75,0.0682529411764705,17,0.0786,237.53,0.3818
CAMP00211,TrailForge,Sports & Outdoor,Outdoor Specialist,2025-08-20,2025-08-24,4,Mega Campaign,,9611,686,188305.82,0.0776588235294117,17,0.0714,274.5,0.3942
CAMP00212,TrailForge,Sports & Outdoor,Outdoor Specialist,2025-10-01,2025-10-04,3,Regular Sale,,8376,471,158992.46,0.0783529411764706,34,0.0562,337.56,0.1733
CAMP00213,TrailForge,Sports & Outdoor,Outdoor Specialist,2025-11-03,2025-11-06,3,Regular Sale,,9767,397,154258.17,0.0866147058823529,34,0.0406,388.56,0.4395
CAMP00214,TrailForge,Sports & Outdoor,Outdoor Specialist,2025-11-11,2025-11-16,5,Mega Campaign,Summer Refresh Sale,38095,2380,611761.47,0.08051,30,0.0625,257.04,0.2471
CAMP00215,TrailForge,Sports & Outdoor,Outdoor Specialist,2025-11-15,2025-11-19,4,Regular Sale,,7708,416,123841.88,0.0771470588235294,17,0.054,297.7,0.4319
CAMP00216,TrailForge,Sports & Outdoor,Outdoor Specialist,2025-12-06,2025-12-12,6,Mega Campaign,Lunar New Year Sale,27821,1691,658225.71,0.0776294117647058,17,0.0608,389.25,0.3761
CAMP00217,RangeTrail,Sports & Outdoor,Outdoor Specialist,2024-12-15,2024-12-20,5,Regular Sale,,10574,481,139086.13999999998,0.0860099999999999,30,0.0455,289.16,0.2898
CAMP00218,RangeTrail,Sports & Outdoor,Outdoor Specialist,2025-01-09,2025-01-12,3,Regular Sale,,6058,294,75361.4,0.0844727272727272,22,0.0485,256.33,0.3436
CAMP00219,RangeTrail,Sports & Outdoor,Outdoor Specialist,2025-02-05,2025-02-11,6,Regular Sale,,8612,411,125670.03,0.0859695652173913,23,0.0477,305.77,0.2696
CAMP00220,RangeTrail,Sports & Outdoor,Outdoor Specialist,2025-02-15,2025-02-22,7,New Arrival Launch,,11835,295,102215.34,0.0858571428571428,14,0.0249,346.49,0.3378
CAMP00221,RangeTrail,Sports & Outdoor,Outdoor Specialist,2025-02-26,2025-03-02,4,Regular Sale,,7423,329,105151.44,0.0819966666666666,30,0.0443,319.61,0.4377
CAMP00222,RangeTrail,Sports & Outdoor,Outdoor Specialist,2025-03-11,2025-03-14,3,New Arrival Launch,,5783,146,47162.06,0.0815666666666666,27,0.0252,323.03,0.3569
CAMP00223,RangeTrail,Sports & Outdoor,Outdoor Specialist,2025-03-28,2025-04-02,5,Regular Sale,,8000,380,95564.25,0.0929526315789473,19,0.0475,251.48,0.2453
CAMP00224,RangeTrail,Sports & Outdoor,Outdoor Specialist,2025-04-05,2025-04-09,4,New Arrival Launch,,7217,197,59809.71,0.0863705882352941,17,0.0273,303.6,0.2731
CAMP00225,RangeTrail,Sports & Outdoor,Outdoor Specialist,2025-04-13,2025-04-18,5,Mega Campaign,Season Refresh,11524,747,141989.57,0.0812882352941176,17,0.0648,190.08,0.3383
CAMP00226,RangeTrail,Sports & Outdoor,Outdoor Specialist,2025-05-02,2025-05-08,6,Regular Sale,,11385,616,169771.16,0.0782266666666666,30,0.0541,275.6,0.4142
CAMP00227,RangeTrail,Sports & Outdoor,Outdoor Specialist,2025-05-21,2025-05-26,5,Mega Campaign,,11671,691,153864.98,0.0885333333333333,18,0.0592,222.67,0.2102
CAMP00228,RangeTrail,Sports & Outdoor,Outdoor Specialist,2025-05-29,2025-06-03,5,Regular Sale,,11480,546,170938.51,0.083895238095238,21,0.0476,313.07,0.2915
CAMP00229,RangeTrail,Sports & Outdoor,Outdoor Specialist,2025-06-01,2025-06-07,6,Regular Sale,,12056,669,173681.89,0.085605,20,0.0555,259.61,0.2779
CAMP00230,RangeTrail,Sports & Outdoor,Outdoor Specialist,2025-06-30,2025-07-04,4,New Arrival Launch,,7205,200,76715.75,0.0842866666666666,30,0.0278,383.58,0.2688
CAMP00231,RangeTrail,Sports & Outdoor,Outdoor Specialist,2025-07-06,2025-07-13,7,Regular Sale,,12495,589,148100.35,0.0889363636363636,22,0.0471,251.44,0.3898
CAMP00232,RangeTrail,Sports & Outdoor,Outdoor Specialist,2025-07-20,2025-07-24,4,Regular Sale,,7844,332,105027.71,0.083132,25,0.0423,316.35,0.1821
CAMP00233,RangeTrail,Sports & Outdoor,Outdoor Specialist,2025-09-30,2025-10-04,4,Regular Sale,,8688,440,127426.19,0.0816727272727272,22,0.0506,289.6,0.3553
CAMP00234,RangeTrail,Sports & Outdoor,Outdoor Specialist,2025-10-02,2025-10-06,4,Regular Sale,,8921,419,138875.97,0.0893,26,0.047,331.45,0.3443
CAMP00235,RangeTrail,Sports & Outdoor,Outdoor Specialist,2025-10-24,2025-10-30,6,New Arrival Launch,,8312,272,82084.36,0.0807,16,0.0327,301.78,0.2812
CAMP00236,RangeTrail,Sports & Outdoor,Outdoor Specialist,2025-11-26,2025-11-29,3,Regular Sale,,5798,310,84989.75,0.088544,25,0.0535,274.16,0.2462
CAMP00237,RangeTrail,Sports & Outdoor,Outdoor Specialist,2025-11-28,2025-12-05,7,New Arrival Launch,,14196,397,100789.67,0.0889615384615384,26,0.028,253.88,0.1995
CAMP00238,RangeTrail,Sports & Outdoor,Outdoor Specialist,2025-12-19,2025-12-22,3,New Arrival Launch,,5372,142,56953.43,0.0877821428571428,28,0.0264,401.08,0.2597
CAMP00239,PathQuest,Sports & Outdoor,Outdoor Specialist,2025-01-20,2025-01-26,6,Mega Campaign,Anniversary Warm-Up,18107,1248,234009.77,0.078275,20,0.0689,187.51,0.2961
CAMP00240,PathQuest,Sports & Outdoor,Outdoor Specialist,2025-02-02,2025-02-07,5,Mega Campaign,,8369,500,116089.03,0.08307,20,0.0597,232.18,0.3851
CAMP00241,PathQuest,Sports & Outdoor,Outdoor Specialist,2025-02-06,2025-02-10,4,Mega Campaign,,9375,629,152404.2,0.0873272727272727,22,0.0671,242.3,0.244
CAMP00242,PathQuest,Sports & Outdoor,Outdoor Specialist,2025-03-05,2025-03-10,5,Mega Campaign,International Women's Day Sale,14473,1045,213638.93,0.08436,15,0.0722,204.44,0.1691
CAMP00243,PathQuest,Sports & Outdoor,Outdoor Specialist,2025-04-12,2025-04-18,6,Mega Campaign,Season Refresh,12506,720,151361.99,0.0786,14,0.0576,210.22,0.1973
CAMP00244,PathQuest,Sports & Outdoor,Outdoor Specialist,2025-05-18,2025-05-24,6,New Arrival Launch,,11311,413,69860.68,0.0817799999999999,15,0.0365,169.15,0.4372
CAMP00245,PathQuest,Sports & Outdoor,Outdoor Specialist,2025-05-27,2025-06-03,7,Regular Sale,,14900,757,218424.46,0.085196,25,0.0508,288.54,0.2372
CAMP00246,PathQuest,Sports & Outdoor,Outdoor Specialist,2025-06-04,2025-06-07,3,Clearance Event,,6228,497,76079.73,0.0856799999999999,25,0.0798,153.08,0.1843
CAMP00247,PathQuest,Sports & Outdoor,Outdoor Specialist,2025-08-02,2025-08-06,4,Regular Sale,,6038,285,77088.67,0.0838759999999999,25,0.0472,270.49,0.1851
CAMP00248,PathQuest,Sports & Outdoor,Outdoor Specialist,2025-08-25,2025-08-30,5,Regular Sale,,7809,467,136144.36000000002,0.0793107142857142,28,0.0598,291.53,0.3809
CAMP00249,PathQuest,Sports & Outdoor,Outdoor Specialist,2025-09-11,2025-09-18,7,Regular Sale,,11434,586,166332.02000000002,0.0771357142857143,14,0.0513,283.84,0.3479
CAMP00250,PathQuest,Sports & Outdoor,Outdoor Specialist,2025-09-13,2025-09-17,4,Regular Sale,,7589,403,110157.5,0.069276923076923,13,0.0531,273.34,0.4399
CAMP00251,PathQuest,Sports & Outdoor,Outdoor Specialist,2025-10-22,2025-10-25,3,Regular Sale,,4665,200,53698.75,0.0905833333333333,18,0.0429,268.49,0.3104
CAMP00252,PathQuest,Sports & Outdoor,Outdoor Specialist,2025-10-29,2025-11-05,7,New Arrival Launch,,12678,353,110649.41,0.0846866666666666,15,0.0278,313.45,0.1689
CAMP00253,PathQuest,Sports & Outdoor,Outdoor Specialist,2025-11-26,2025-12-01,5,Regular Sale,,8183,361,98587.05,0.0875607142857143,28,0.0441,273.09,0.3334
CAMP00254,PathQuest,Sports & Outdoor,Outdoor Specialist,2025-12-01,2025-12-08,7,Mega Campaign,,11764,804,254480.09,0.0795538461538461,26,0.0683,316.52,0.1904
CAMP00255,PathQuest,Sports & Outdoor,Outdoor Specialist,2025-12-08,2025-12-13,5,Mega Campaign,Lunar New Year Sale,19210,1385,363252.8,0.0759260869565217,23,0.0721,262.28,0.3407
CAMP00256,PathQuest,Sports & Outdoor,Outdoor Specialist,2025-12-22,2025-12-26,4,Regular Sale,,6846,348,117888.81,0.07310625,16,0.0508,338.76,0.2833
CAMP00257,TerraFlow Outfitters,Sports & Outdoor,Outdoor Specialist,2025-01-10,2025-01-16,6,Mega Campaign,,9107,544,113046.5,0.0834526315789473,19,0.0597,207.81,0.3695
CAMP00258,TerraFlow Outfitters,Sports & Outdoor,Outdoor Specialist,2025-01-26,2025-02-02,7,Clearance Event,,9842,913,83485.11,0.0760727272727272,11,0.0928,91.44,0.3602
CAMP00259,TerraFlow Outfitters,Sports & Outdoor,Outdoor Specialist,2025-02-17,2025-02-21,4,New Arrival Launch,,5708,225,59488.02,0.0777642857142857,14,0.0394,264.39,0.2521
CAMP00260,TerraFlow Outfitters,Sports & Outdoor,Outdoor Specialist,2025-03-23,2025-03-26,3,New Arrival Launch,,4019,138,28928.41,0.0763928571428571,14,0.0343,209.63,0.2906
CAMP00261,TerraFlow Outfitters,Sports & Outdoor,Outdoor Specialist,2025-03-31,2025-04-03,3,Regular Sale,,5183,239,49318.86,0.0863041666666666,24,0.0461,206.36,0.4195
CAMP00262,TerraFlow Outfitters,Sports & Outdoor,Outdoor Specialist,2025-04-02,2025-04-06,4,Regular Sale,,5133,303,48142.68,0.0862590909090909,22,0.059,158.89,0.4483
CAMP00263,TerraFlow Outfitters,Sports & Outdoor,Outdoor Specialist,2025-05-03,2025-05-08,5,Regular Sale,,6631,303,61110.6,0.07805,20,0.0457,201.69,0.2838
CAMP00264,TerraFlow Outfitters,Sports & Outdoor,Outdoor Specialist,2025-05-19,2025-05-24,5,Clearance Event,,7668,571,68363.25,0.0864833333333333,18,0.0745,119.73,0.3496
CAMP00265,TerraFlow Outfitters,Sports & Outdoor,Outdoor Specialist,2025-06-03,2025-06-06,3,Regular Sale,,4488,247,58768.02,0.0839333333333333,15,0.055,237.93,0.1661
CAMP00266,TerraFlow Outfitters,Sports & Outdoor,Outdoor Specialist,2025-06-15,2025-06-19,4,Mega Campaign,Autumn Refresh Sale,14533,1274,252766.73,0.0856090909090909,11,0.0877,198.4,0.2631
CAMP00267,TerraFlow Outfitters,Sports & Outdoor,Outdoor Specialist,2025-07-11,2025-07-15,4,Mega Campaign,Double 11 Presale,6428,479,66681.41,0.075275,12,0.0745,139.21,0.2531
CAMP00268,TerraFlow Outfitters,Sports & Outdoor,Outdoor Specialist,2025-07-16,2025-07-21,5,Regular Sale,,7118,361,66052.77,0.0730285714285714,21,0.0507,182.97,0.1893
CAMP00269,TerraFlow Outfitters,Sports & Outdoor,Outdoor Specialist,2025-08-24,2025-08-30,6,Regular Sale,,10883,577,117003.71,0.08072,15,0.053,202.78,0.209
CAMP00270,TerraFlow Outfitters,Sports & Outdoor,Outdoor Specialist,2025-08-28,2025-09-02,5,Regular Sale,,6906,299,73422.56,0.0906105263157894,19,0.0433,245.56,0.4214
CAMP00271,TerraFlow Outfitters,Sports & Outdoor,Outdoor Specialist,2025-11-13,2025-11-18,5,Clearance Event,,7248,573,63186.65,0.081045,20,0.0791,110.27,0.3524
CAMP00272,TerraFlow Outfitters,Sports & Outdoor,Outdoor Specialist,2025-11-21,2025-11-26,5,Regular Sale,,7371,371,79893.59,0.0715285714285714,21,0.0503,215.35,0.2037
CAMP00273,StreetArc,Footwear,Lifestyle Global,2024-12-14,2024-12-18,4,Mega Campaign,,15420,939,298886.76,0.08256,20,0.0609,318.3,0.3501
CAMP00274,StreetArc,Footwear,Lifestyle Global,2024-12-23,2024-12-30,7,Regular Sale,,24210,1359,538092.77,0.080925,24,0.0561,395.95,0.164
CAMP00275,StreetArc,Footwear,Lifestyle Global,2025-01-06,2025-01-11,5,Mega Campaign,,18972,1382,487037.91,0.0799137931034482,29,0.0728,352.42,0.2589
CAMP00276,StreetArc,Footwear,Lifestyle Global,2025-02-17,2025-02-22,5,Regular Sale,,19666,813,270220.2,0.0793894736842105,19,0.0413,332.37,0.1964
CAMP00277,StreetArc,Footwear,Lifestyle Global,2025-02-22,2025-02-26,4,Clearance Event,,12863,1076,173635.15,0.078396,25,0.0837,161.37,0.165
CAMP00278,StreetArc,Footwear,Lifestyle Global,2025-03-06,2025-03-10,4,Mega Campaign,International Women's Day Sale,23372,1655,441453.23,0.0776432432432432,37,0.0708,266.74,0.2726
CAMP00279,StreetArc,Footwear,Lifestyle Global,2025-03-14,2025-03-21,7,Regular Sale,,30011,1826,641518.03,0.0769086956521739,23,0.0608,351.32,0.2623
CAMP00280,StreetArc,Footwear,Lifestyle Global,2025-03-22,2025-03-25,3,Regular Sale,,11600,507,199909.07,0.0803658536585365,41,0.0437,394.3,0.325
CAMP00281,StreetArc,Footwear,Lifestyle Global,2025-04-23,2025-04-27,4,Regular Sale,,13466,724,263868.02,0.0748032258064516,31,0.0538,364.46,0.2406
CAMP00282,StreetArc,Footwear,Lifestyle Global,2025-04-30,2025-05-04,4,Mega Campaign,618 Mid-Year Sale,16544,1123,330485.15,0.0769380952380952,21,0.0679,294.29,0.2476
CAMP00283,StreetArc,Footwear,Lifestyle Global,2025-05-24,2025-05-30,6,Regular Sale,,21344,891,317044.33,0.0820392857142857,28,0.0417,355.83,0.3607
CAMP00284,StreetArc,Footwear,Lifestyle Global,2025-06-07,2025-06-12,5,Mega Campaign,,16795,1277,364360.88,0.078775,24,0.076,285.33,0.3186
CAMP00285,StreetArc,Footwear,Lifestyle Global,2025-06-29,2025-07-05,6,New Arrival Launch,,23215,838,314136.52,0.0757486486486486,37,0.0361,374.86,0.3002
CAMP00286,StreetArc,Footwear,Lifestyle Global,2025-07-13,2025-07-17,4,Mega Campaign,Double 11 Presale,19931,1395,438517.67,0.0798961538461538,26,0.07,314.35,0.2208
CAMP00287,StreetArc,Footwear,Lifestyle Global,2025-07-24,2025-07-30,6,New Arrival Launch,,20983,764,269476.21,0.0776486486486486,37,0.0364,352.72,0.3664
CAMP00288,StreetArc,Footwear,Lifestyle Global,2025-08-15,2025-08-19,4,Mega Campaign,,16087,1204,348680.31,0.0728258064516129,31,0.0748,289.6,0.3244
CAMP00289,StreetArc,Footwear,Lifestyle Global,2025-08-18,2025-08-21,3,Regular Sale,,10420,549,188690.1,0.0753725,40,0.0527,343.7,0.2712
CAMP00290,StreetArc,Footwear,Lifestyle Global,2025-08-29,2025-09-04,6,Regular Sale,,20973,1136,453216.5,0.0781138888888888,36,0.0542,398.96,0.2718
CAMP00291,StreetArc,Footwear,Lifestyle Global,2025-09-14,2025-09-18,4,Clearance Event,,12422,920,194372.75,0.0776379310344827,29,0.0741,211.27,0.3542
CAMP00292,StreetArc,Footwear,Lifestyle Global,2025-09-25,2025-10-02,7,Regular Sale,,26417,1418,447934.03,0.0800387096774193,31,0.0537,315.89,0.3881
CAMP00293,StreetArc,Footwear,Lifestyle Global,2025-10-01,2025-10-05,4,Regular Sale,,16432,812,251273.86,0.0839434782608695,23,0.0494,309.45,0.2228
CAMP00294,StreetArc,Footwear,Lifestyle Global,2025-10-05,2025-10-10,5,Regular Sale,,18845,979,293026.76,0.0847853658536585,41,0.052,299.31,0.4448
CAMP00295,StreetArc,Footwear,Lifestyle Global,2025-10-16,2025-10-22,6,Mega Campaign,Double 11 Peak Sale,38810,2639,659179.22,0.0787190476190476,21,0.068,249.78,0.2263
CAMP00296,StreetArc,Footwear,Lifestyle Global,2025-10-22,2025-10-29,7,Mega Campaign,,21076,1547,419156.38,0.0802714285714285,35,0.0734,270.95,0.2461
CAMP00297,StreetArc,Footwear,Lifestyle Global,2025-11-26,2025-11-30,4,Mega Campaign,,16884,1173,389783.0,0.08675,30,0.0695,332.3,0.2916
CAMP00298,StreetArc,Footwear,Lifestyle Global,2025-12-07,2025-12-11,4,Regular Sale,,14985,899,263996.66,0.081945,20,0.06,293.66,0.1821
CAMP00299,StreetArc,Footwear,Lifestyle Global,2025-12-11,2025-12-16,5,Mega Campaign,Lunar New Year Sale,33022,2666,865224.97,0.0871590909090909,22,0.0807,324.54,0.1546
CAMP00300,Heritage Walk,Footwear,Heritage Value,2024-12-06,2024-12-13,7,Mega Campaign,Lunar New Year Sale,45547,3081,362880.13,0.0856571428571428,28,0.0676,117.78,0.2446
CAMP00301,Heritage Walk,Footwear,Heritage Value,2024-12-12,2024-12-18,6,Mega Campaign,Lunar New Year Sale,37677,2385,282390.94,0.0855590909090909,22,0.0633,118.4,0.305
CAMP00302,Heritage Walk,Footwear,Heritage Value,2024-12-20,2024-12-25,5,Regular Sale,,15187,653,78979.14,0.0839764705882352,17,0.043,120.95,0.1779
CAMP00303,Heritage Walk,Footwear,Heritage Value,2025-01-04,2025-01-11,7,Clearance Event,,22157,1711,156368.5,0.080208,25,0.0772,91.39,0.2253
CAMP00304,Heritage Walk,Footwear,Heritage Value,2025-01-16,2025-01-21,5,Mega Campaign,Anniversary Warm-Up,27908,2033,279436.19,0.0805555555555555,27,0.0728,137.45,0.4288
CAMP00305,Heritage Walk,Footwear,Heritage Value,2025-01-30,2025-02-04,5,Regular Sale,,14499,765,119893.64,0.0863439999999999,25,0.0528,156.72,0.3973
CAMP00306,Heritage Walk,Footwear,Heritage Value,2025-02-18,2025-02-22,4,Clearance Event,,13001,1100,95264.03,0.0894399999999999,15,0.0846,86.6,0.2506
CAMP00307,Heritage Walk,Footwear,Heritage Value,2025-03-03,2025-03-06,3,Clearance Event,,7878,618,52102.310000000005,0.0862217391304347,23,0.0784,84.31,0.253
CAMP00308,Heritage Walk,Footwear,Heritage Value,2025-03-25,2025-03-30,5,Clearance Event,,14880,1209,100861.48,0.0783689655172413,29,0.0812,83.43,0.2324
CAMP00309,Heritage Walk,Footwear,Heritage Value,2025-03-29,2025-04-04,6,New Arrival Launch,,16728,565,82644.98,0.0794066666666666,30,0.0338,146.27,0.3478
CAMP00310,Heritage Walk,Footwear,Heritage Value,2025-04-17,2025-04-20,3,Regular Sale,,10226,536,70242.5,0.0798227272727272,22,0.0524,131.05,0.1582
CAMP00311,Heritage Walk,Footwear,Heritage Value,2025-06-12,2025-06-16,4,New Arrival Launch,,12738,447,69651.58,0.0827384615384615,26,0.0351,155.82,0.226
CAMP00312,Heritage Walk,Footwear,Heritage Value,2025-07-08,2025-07-12,4,Regular Sale,,14039,700,101117.78,0.08330625,32,0.0499,144.45,0.3382
CAMP00313,Heritage Walk,Footwear,Heritage Value,2025-08-03,2025-08-08,5,Mega Campaign,Labor Day Sale,17946,1113,118004.71,0.0809592592592592,27,0.062,106.02,0.2248
CAMP00314,Heritage Walk,Footwear,Heritage Value,2025-08-23,2025-08-27,4,Mega Campaign,,13511,852,105517.41,0.0834142857142857,28,0.0631,123.85,0.3621
CAMP00315,Heritage Walk,Footwear,Heritage Value,2025-08-26,2025-08-30,4,Mega Campaign,,10217,752,88876.09999999999,0.077285,20,0.0736,118.19,0.425
CAMP00316,Heritage Walk,Footwear,Heritage Value,2025-09-13,2025-09-16,3,Regular Sale,,9429,415,54254.01,0.0786484848484848,33,0.044,130.73,0.3743
CAMP00317,Heritage Walk,Footwear,Heritage Value,2025-09-29,2025-10-03,4,Mega Campaign,,12190,754,100236.69,0.0797259259259259,27,0.0619,132.94,0.3829
CAMP00318,Heritage Walk,Footwear,Heritage Value,2025-11-11,2025-11-16,5,Mega Campaign,Summer Refresh Sale,48840,3015,271064.79000000004,0.0764058823529411,17,0.0617,89.91,0.3305
CAMP00319,Heritage Walk,Footwear,Heritage Value,2025-11-26,2025-11-30,4,Regular Sale,,10970,592,71329.06999999999,0.0866916666666666,24,0.054,120.49,0.3079
CAMP00320,Heritage Walk,Footwear,Heritage Value,2025-11-30,2025-12-05,5,Regular Sale,,17012,884,143991.69,0.0747999999999999,22,0.052,162.89,0.2623
CAMP00321,Heritage Walk,Footwear,Heritage Value,2025-12-01,2025-12-08,7,Mega Campaign,,20967,1459,160760.81,0.0825823529411764,17,0.0696,110.19,0.4498
CAMP00322,Heritage Walk,Footwear,Heritage Value,2025-12-03,2025-12-07,4,Regular Sale,,11509,583,79912.41,0.0817294117647058,17,0.0507,137.07,0.3398
CAMP00323,Heritage Walk,Footwear,Heritage Value,2025-12-08,2025-12-12,4,Mega Campaign,Lunar New Year Sale,22179,1462,164942.97,0.0810434782608695,23,0.0659,112.82,0.2032
CAMP00324,Heritage Walk,Footwear,Heritage Value,2025-12-12,2025-12-16,4,Mega Campaign,Lunar New Year Sale,19684,1270,157777.49,0.0820105263157894,19,0.0645,124.23,0.2759
CAMP00325,Heritage Walk,Footwear,Heritage Value,2025-12-17,2025-12-22,5,Regular Sale,,16141,759,88098.32,0.0798222222222222,27,0.047,116.07,0.305
CAMP00326,Heritage Walk,Footwear,Heritage Value,2025-12-22,2025-12-28,6,New Arrival Launch,,17767,603,117561.29,0.0792947368421052,19,0.0339,194.96,0.4275
CAMP00327,MetroStride,Footwear,Mass Domestic,2024-12-05,2024-12-10,5,Mega Campaign,,12695,855,200655.36,0.0804636363636363,44,0.0673,234.68,0.2806
CAMP00328,MetroStride,Footwear,Mass Domestic,2024-12-29,2025-01-01,3,Clearance Event,,9751,656,113113.69,0.0883757575757575,33,0.0673,172.43,0.272
CAMP00329,MetroStride,Footwear,Mass Domestic,2025-01-10,2025-01-14,4,Mega Campaign,,12311,839,211647.01,0.0774967741935483,31,0.0682,252.26,0.3995
CAMP00330,MetroStride,Footwear,Mass Domestic,2025-01-11,2025-01-17,6,Regular Sale,,16650,792,227827.18,0.079125,32,0.0476,287.66,0.3189
CAMP00331,MetroStride,Footwear,Mass Domestic,2025-02-06,2025-02-10,4,Clearance Event,,11223,755,121084.23,0.0811708333333333,24,0.0673,160.38,0.4067
CAMP00332,MetroStride,Footwear,Mass Domestic,2025-03-27,2025-04-02,6,New Arrival Launch,,17237,556,159334.45,0.0872826086956521,23,0.0323,286.57,0.1663
CAMP00333,MetroStride,Footwear,Mass Domestic,2025-04-23,2025-04-27,4,Mega Campaign,,12188,616,142004.12,0.0904428571428571,21,0.0505,230.53,0.1675
CAMP00334,MetroStride,Footwear,Mass Domestic,2025-05-24,2025-05-27,3,Mega Campaign,,7774,451,93771.15,0.0896,30,0.058,207.92,0.3407
CAMP00335,MetroStride,Footwear,Mass Domestic,2025-05-28,2025-06-03,6,Regular Sale,,14912,637,192343.26,0.0870085714285714,35,0.0427,301.95,0.4017
CAMP00336,MetroStride,Footwear,Mass Domestic,2025-06-14,2025-06-17,3,Regular Sale,,8278,387,118675.48,0.088171875,32,0.0468,306.65,0.4342
CAMP00337,MetroStride,Footwear,Mass Domestic,2025-06-18,2025-06-23,5,Mega Campaign,Autumn Refresh Sale,36918,2325,548314.28,0.0827066666666666,45,0.063,235.83,0.3174
CAMP00338,MetroStride,Footwear,Mass Domestic,2025-06-20,2025-06-24,4,Regular Sale,,11029,562,150367.47,0.0812344827586206,29,0.051,267.56,0.1634
CAMP00339,MetroStride,Footwear,Mass Domestic,2025-07-08,2025-07-12,4,New Arrival Launch,,12518,436,133358.32,0.0859083333333333,24,0.0348,305.87,0.2119
CAMP00340,MetroStride,Footwear,Mass Domestic,2025-07-20,2025-07-25,5,Clearance Event,,16016,965,172687.48,0.0919079999999999,25,0.0603,178.95,0.4112
CAMP00341,MetroStride,Footwear,Mass Domestic,2025-07-29,2025-08-04,6,Clearance Event,,15787,985,203983.53,0.0887521739130434,23,0.0624,207.09,0.4104
CAMP00342,MetroStride,Footwear,Mass Domestic,2025-08-11,2025-08-16,5,Mega Campaign,,15420,846,163817.09,0.0903615384615384,26,0.0549,193.64,0.2384
CAMP00343,MetroStride,Footwear,Mass Domestic,2025-08-31,2025-09-06,6,Regular Sale,,16817,823,202496.37,0.0883058823529411,34,0.0489,246.05,0.2642
CAMP00344,MetroStride,Footwear,Mass Domestic,2025-09-03,2025-09-10,7,Mega Campaign,Double 12 Mega Sale,22789,1573,367337.63,0.0857914285714285,35,0.069,233.53,0.262
CAMP00345,MetroStride,Footwear,Mass Domestic,2025-09-12,2025-09-16,4,Regular Sale,,10792,393,123592.06,0.085878947368421,38,0.0364,314.48,0.293
CAMP00346,MetroStride,Footwear,Mass Domestic,2025-10-20,2025-10-26,6,Mega Campaign,Double 11 Peak Sale,28093,1442,343311.96,0.0826078947368421,38,0.0513,238.08,0.3945
CAMP00347,MetroStride,Footwear,Mass Domestic,2025-10-29,2025-11-01,3,Mega Campaign,,8464,478,125335.13,0.0860675675675675,37,0.0565,262.21,0.2324
CAMP00348,MetroStride,Footwear,Mass Domestic,2025-11-12,2025-11-18,6,Mega Campaign,Double 11 Encore,32986,1998,397269.24,0.0848676470588235,34,0.0606,198.83,0.3015
CAMP00349,MetroStride,Footwear,Mass Domestic,2025-11-18,2025-11-22,4,New Arrival Launch,,10451,337,114568.1,0.0927083333333333,24,0.0322,339.96,0.3515
CAMP00350,MetroStride,Footwear,Mass Domestic,2025-11-26,2025-11-30,4,Regular Sale,,10936,427,113913.49,0.0884428571428571,21,0.039,266.78,0.1907
CAMP00351,MetroStride,Footwear,Mass Domestic,2025-12-13,2025-12-18,5,New Arrival Launch,,16942,515,142177.28999999998,0.079091304347826,23,0.0304,276.07,0.2495
CAMP00352,MetroStride,Footwear,Mass Domestic,2025-12-16,2025-12-20,4,Regular Sale,,11882,525,147788.74,0.089715625,32,0.0442,281.5,0.3174
CAMP00353,MetroStride,Footwear,Mass Domestic,2025-12-22,2025-12-26,4,Regular Sale,,12749,440,157624.15,0.0853552631578947,38,0.0345,358.24,0.2605
CAMP00354,CrimsonWing,Footwear,Mass Domestic,2024-12-14,2024-12-18,4,Clearance Event,,9845,615,107519.24,0.0868380952380952,21,0.0625,174.83,0.3408
CAMP00355,CrimsonWing,Footwear,Mass Domestic,2025-01-29,2025-02-03,5,Regular Sale,,15475,799,188463.27,0.0798684210526315,38,0.0516,235.87,0.429
CAMP00356,CrimsonWing,Footwear,Mass Domestic,2025-03-10,2025-03-14,4,Regular Sale,,10218,555,152673.34,0.0770210526315789,38,0.0543,275.09,0.212
CAMP00357,CrimsonWing,Footwear,Mass Domestic,2025-03-11,2025-03-16,5,Mega Campaign,,12107,929,137951.35,0.0878379310344827,29,0.0767,148.49,0.3509
CAMP00358,CrimsonWing,Footwear,Mass Domestic,2025-03-13,2025-03-19,6,Mega Campaign,,13439,886,213626.39,0.0789645161290322,31,0.0659,241.11,0.3767
CAMP00359,CrimsonWing,Footwear,Mass Domestic,2025-05-07,2025-05-12,5,New Arrival Launch,,13865,527,127190.86,0.0886421052631579,19,0.038,241.35,0.1962
CAMP00360,CrimsonWing,Footwear,Mass Domestic,2025-05-19,2025-05-23,4,Regular Sale,,10623,555,157377.31,0.0796428571428571,28,0.0522,283.56,0.1922
CAMP00361,CrimsonWing,Footwear,Mass Domestic,2025-05-31,2025-06-05,5,Regular Sale,,12712,594,173867.7,0.082071875,32,0.0467,292.71,0.2835
CAMP00362,CrimsonWing,Footwear,Mass Domestic,2025-06-05,2025-06-11,6,Mega Campaign,,14509,976,174324.26,0.0769548387096774,31,0.0673,178.61,0.3251
CAMP00363,CrimsonWing,Footwear,Mass Domestic,2025-07-04,2025-07-09,5,New Arrival Launch,,12379,417,113140.13,0.0810761904761904,21,0.0337,271.32,0.295
CAMP00364,CrimsonWing,Footwear,Mass Domestic,2025-07-20,2025-07-25,5,New Arrival Launch,,12089,392,110529.51,0.0811055555555555,36,0.0324,281.96,0.1642
CAMP00365,CrimsonWing,Footwear,Mass Domestic,2025-08-12,2025-08-19,7,Regular Sale,,15399,772,162215.12,0.0801576923076923,26,0.0501,210.12,0.3088
CAMP00366,CrimsonWing,Footwear,Mass Domestic,2025-08-14,2025-08-19,5,Regular Sale,,13327,649,162823.41999999998,0.0772216216216216,37,0.0487,250.88,0.4421
CAMP00367,CrimsonWing,Footwear,Mass Domestic,2025-09-08,2025-09-15,7,Mega Campaign,Double 12 Mega Sale,25833,1855,349714.77,0.0822799999999999,35,0.0718,188.53,0.4282
CAMP00368,CrimsonWing,Footwear,Mass Domestic,2025-09-09,2025-09-15,6,Mega Campaign,Double 12 Mega Sale,19397,1256,249611.6,0.0789083333333333,24,0.0648,198.74,0.2662
CAMP00369,CrimsonWing,Footwear,Mass Domestic,2025-09-30,2025-10-07,7,New Arrival Launch,,20579,737,192886.02,0.0851125,40,0.0358,261.72,0.2494
CAMP00370,CrimsonWing,Footwear,Mass Domestic,2025-10-04,2025-10-08,4,Regular Sale,,9307,489,86246.73,0.0741451612903225,31,0.0525,176.37,0.3304
CAMP00371,CrimsonWing,Footwear,Mass Domestic,2025-10-29,2025-11-05,7,Regular Sale,,20749,922,284077.52,0.0727541666666666,24,0.0444,308.11,0.323
CAMP00372,CrimsonWing,Footwear,Mass Domestic,2025-11-04,2025-11-08,4,Regular Sale,,7871,350,73096.39,0.0814652173913043,23,0.0445,208.85,0.3619
CAMP00373,CrimsonWing,Footwear,Mass Domestic,2025-11-05,2025-11-11,6,Mega Campaign,Summer Refresh Sale,51519,3593,843866.87,0.0808074074074074,27,0.0697,234.86,0.3567
CAMP00374,CrimsonWing,Footwear,Mass Domestic,2025-11-17,2025-11-24,7,New Arrival Launch,,17712,520,150990.54,0.0942785714285714,28,0.0294,290.37,0.2145
CAMP00375,CrimsonWing,Footwear,Mass Domestic,2025-11-21,2025-11-26,5,Regular Sale,,15122,902,184976.77,0.0806592592592592,27,0.0596,205.07,0.4476
CAMP00376,CrimsonWing,Footwear,Mass Domestic,2025-11-26,2025-12-03,7,Regular Sale,,22436,1142,299101.88,0.0807264705882352,34,0.0509,261.91,0.2311
CAMP00377,CrimsonWing,Footwear,Mass Domestic,2025-11-28,2025-12-05,7,New Arrival Launch,,20389,770,193675.09,0.0749434782608695,23,0.0378,251.53,0.1703
CAMP00378,CrimsonWing,Footwear,Mass Domestic,2025-12-19,2025-12-22,3,Regular Sale,,7359,410,74004.54,0.0819333333333333,21,0.0557,180.5,0.1796
CAMP00379,UrbanEase,Footwear,Mass Domestic,2024-12-10,2024-12-15,5,Mega Campaign,Lunar New Year Sale,20916,1225,277838.68,0.0871263157894736,19,0.0586,226.81,0.3406
CAMP00380,UrbanEase,Footwear,Mass Domestic,2024-12-19,2024-12-24,5,Clearance Event,,7969,584,72036.21,0.0780814814814814,27,0.0733,123.35,0.1622
CAMP00381,UrbanEase,Footwear,Mass Domestic,2025-01-01,2025-01-06,5,Regular Sale,,9677,462,104552.9,0.0816090909090909,22,0.0477,226.3,0.3383
CAMP00382,UrbanEase,Footwear,Mass Domestic,2025-01-15,2025-01-21,6,Mega Campaign,Anniversary Warm-Up,20966,1504,299846.11,0.0796851851851851,27,0.0717,199.37,0.2934
CAMP00383,UrbanEase,Footwear,Mass Domestic,2025-01-20,2025-01-24,4,Mega Campaign,Anniversary Warm-Up,15004,937,172344.88,0.0850260869565217,23,0.0625,183.93,0.2984
CAMP00384,UrbanEase,Footwear,Mass Domestic,2025-02-01,2025-02-04,3,Mega Campaign,,6751,437,60596.46,0.0837137931034482,29,0.0647,138.66,0.1872
CAMP00385,UrbanEase,Footwear,Mass Domestic,2025-02-11,2025-02-16,5,Mega Campaign,Valentine Sale,13898,674,115949.89,0.07426875,16,0.0485,172.03,0.3007
CAMP00386,UrbanEase,Footwear,Mass Domestic,2025-03-24,2025-03-27,3,Regular Sale,,4612,239,46325.43,0.074248,25,0.0518,193.83,0.4487
CAMP00387,UrbanEase,Footwear,Mass Domestic,2025-03-31,2025-04-03,3,Regular Sale,,5735,292,65454.89,0.0782863636363636,22,0.0509,224.16,0.2436
CAMP00388,UrbanEase,Footwear,Mass Domestic,2025-04-25,2025-05-02,7,Mega Campaign,618 Mid-Year Sale,19178,1227,178223.12,0.0768666666666666,21,0.064,145.25,0.1991
CAMP00389,UrbanEase,Footwear,Mass Domestic,2025-05-06,2025-05-11,5,Mega Campaign,,10877,667,113314.77,0.0735586206896551,29,0.0613,169.89,0.2203
CAMP00390,UrbanEase,Footwear,Mass Domestic,2025-06-13,2025-06-18,5,Mega Campaign,Autumn Refresh Sale,20786,1299,302247.34,0.07664,20,0.0625,232.68,0.3811
CAMP00391,UrbanEase,Footwear,Mass Domestic,2025-08-09,2025-08-13,4,Regular Sale,,7868,398,104643.23,0.0820357142857143,28,0.0506,262.92,0.3971
CAMP00392,UrbanEase,Footwear,Mass Domestic,2025-08-27,2025-09-01,5,Clearance Event,,10441,750,97387.58,0.0837294117647058,17,0.0718,129.85,0.1802
CAMP00393,UrbanEase,Footwear,Mass Domestic,2025-08-30,2025-09-04,5,Clearance Event,,11103,883,96582.6,0.0754388888888888,18,0.0795,109.38,0.4285
CAMP00394,UrbanEase,Footwear,Mass Domestic,2025-09-03,2025-09-07,4,New Arrival Launch,,9954,285,82839.22,0.0776043478260869,23,0.0286,290.66,0.2953
CAMP00395,UrbanEase,Footwear,Mass Domestic,2025-11-24,2025-11-28,4,Regular Sale,,7338,373,85836.18999999999,0.0813571428571428,14,0.0508,230.12,0.3793
CAMP00396,UrbanEase,Footwear,Mass Domestic,2025-11-30,2025-12-04,4,Regular Sale,,7441,361,78639.33,0.0817423076923077,26,0.0485,217.84,0.3477
CAMP00397,PlainWest,Footwear,Emerging Brand,2024-12-17,2024-12-24,7,Regular Sale,,12860,595,133380.76,0.0894235294117647,17,0.0463,224.17,0.3271
CAMP00398,PlainWest,Footwear,Emerging Brand,2024-12-23,2024-12-28,5,Regular Sale,,8654,496,98864.26,0.0817479999999999,25,0.0573,199.32,0.3336
CAMP00399,PlainWest,Footwear,Emerging Brand,2024-12-25,2024-12-30,5,Regular Sale,,9630,492,90168.03,0.0811142857142857,21,0.0511,183.27,0.41
CAMP00400,PlainWest,Footwear,Emerging Brand,2025-01-27,2025-01-30,3,Clearance Event,,5408,353,39458.28,0.0795222222222222,18,0.0653,111.78,0.301
CAMP00401,PlainWest,Footwear,Emerging Brand,2025-02-25,2025-03-03,6,Regular Sale,,10776,650,129419.86,0.0811833333333333,24,0.0603,199.11,0.4172
CAMP00402,PlainWest,Footwear,Emerging Brand,2025-02-26,2025-03-02,4,New Arrival Launch,,8101,273,63672.82,0.080388,25,0.0337,233.23,0.2815
CAMP00403,PlainWest,Footwear,Emerging Brand,2025-04-20,2025-04-26,6,Regular Sale,,8775,418,90674.07,0.0884411764705882,17,0.0476,216.92,0.1837
CAMP00404,PlainWest,Footwear,Emerging Brand,2025-04-28,2025-05-03,5,Mega Campaign,618 Mid-Year Sale,9526,681,115628.11,0.0771315789473684,19,0.0715,169.79,0.3667
CAMP00405,PlainWest,Footwear,Emerging Brand,2025-05-07,2025-05-12,5,Regular Sale,,8337,396,83217.7,0.0765176470588235,17,0.0475,210.15,0.2123
CAMP00406,PlainWest,Footwear,Emerging Brand,2025-05-10,2025-05-13,3,Clearance Event,,5825,467,54697.05,0.0695333333333333,18,0.0802,117.12,0.3773
CAMP00407,PlainWest,Footwear,Emerging Brand,2025-05-15,2025-05-20,5,Regular Sale,,8198,451,80913.03,0.081412,25,0.055,179.41,0.3595
CAMP00408,PlainWest,Footwear,Emerging Brand,2025-05-25,2025-05-30,5,New Arrival Launch,,7919,241,55057.65,0.078584,25,0.0304,228.45,0.4283
CAMP00409,PlainWest,Footwear,Emerging Brand,2025-06-25,2025-07-02,7,Clearance Event,,11280,727,96607.33,0.0852,25,0.0645,132.88,0.2278
CAMP00410,PlainWest,Footwear,Emerging Brand,2025-07-25,2025-07-28,3,New Arrival Launch,,5874,168,39813.21,0.0834272727272727,22,0.0286,236.98,0.2806
CAMP00411,PlainWest,Footwear,Emerging Brand,2025-08-25,2025-08-30,5,Clearance Event,,9878,691,94002.4,0.0796142857142857,21,0.07,136.04,0.1813
CAMP00412,PlainWest,Footwear,Emerging Brand,2025-09-17,2025-09-21,4,Regular Sale,,5791,263,50708.3,0.0878357142857142,14,0.0454,192.81,0.4295
CAMP00413,PlainWest,Footwear,Emerging Brand,2025-09-28,2025-10-03,5,New Arrival Launch,,9495,299,61084.9,0.08430625,16,0.0315,204.3,0.3373
CAMP00414,PlainWest,Footwear,Emerging Brand,2025-10-15,2025-10-20,5,New Arrival Launch,,8622,339,76801.29000000001,0.082535294117647,17,0.0393,226.55,0.2501
CAMP00415,PlainWest,Footwear,Emerging Brand,2025-11-03,2025-11-08,5,New Arrival Launch,,9467,316,71181.71,0.0791714285714285,21,0.0334,225.26,0.2891
CAMP00416,PlainWest,Footwear,Emerging Brand,2025-11-21,2025-11-26,5,Regular Sale,,9658,518,97488.38,0.0805130434782608,23,0.0536,188.2,0.3651
CAMP00417,PlainWest,Footwear,Emerging Brand,2025-12-15,2025-12-18,3,Mega Campaign,,5048,348,65817.04,0.07932,15,0.0689,189.13,0.1728
CAMP00418,Westward,Footwear,Emerging Brand,2025-01-11,2025-01-16,5,Regular Sale,,7038,364,64136.42999999999,0.0834294117647058,17,0.0517,176.2,0.4188
CAMP00419,Westward,Footwear,Emerging Brand,2025-01-28,2025-02-02,5,Mega Campaign,,7654,441,61921.42,0.0919466666666666,15,0.0576,140.41,0.2249
CAMP00420,Westward,Footwear,Emerging Brand,2025-02-04,2025-02-10,6,Regular Sale,,8265,465,75586.46,0.0948833333333333,12,0.0563,162.55,0.1882
CAMP00421,Westward,Footwear,Emerging Brand,2025-03-23,2025-03-30,7,Mega Campaign,,9503,499,56826.490000000005,0.09046875,16,0.0525,113.88,0.3342
CAMP00422,Westward,Footwear,Emerging Brand,2025-05-27,2025-05-31,4,Regular Sale,,5353,245,45048.76,0.0954066666666666,15,0.0458,183.87,0.3344
CAMP00423,Westward,Footwear,Emerging Brand,2025-06-23,2025-06-29,6,New Arrival Launch,,8047,159,25188.6,0.0814071428571428,14,0.0198,158.42,0.1505
CAMP00424,Westward,Footwear,Emerging Brand,2025-06-28,2025-07-01,3,Clearance Event,,4725,332,35419.51,0.0841952380952381,21,0.0703,106.69,0.2617
CAMP00425,Westward,Footwear,Emerging Brand,2025-08-11,2025-08-16,5,Regular Sale,,7014,319,60554.35,0.0868761904761904,21,0.0455,189.83,0.2132
CAMP00426,Westward,Footwear,Emerging Brand,2025-08-20,2025-08-24,4,Clearance Event,,4496,323,29176.050000000003,0.089545,20,0.0718,90.33,0.2138
CAMP00427,Westward,Footwear,Emerging Brand,2025-09-07,2025-09-14,7,Mega Campaign,Double 12 Mega Sale,12649,923,151598.21,0.0874823529411764,17,0.073,164.25,0.3452
CAMP00428,Westward,Footwear,Emerging Brand,2025-09-10,2025-09-13,3,Regular Sale,,3917,177,24996.32,0.0821947368421052,19,0.0452,141.22,0.3716
CAMP00429,Westward,Footwear,Emerging Brand,2025-09-21,2025-09-27,6,Regular Sale,,7902,321,59292.97,0.0869454545454545,22,0.0406,184.71,0.3183
CAMP00430,Westward,Footwear,Emerging Brand,2025-10-08,2025-10-12,4,Regular Sale,,5749,220,49580.07,0.0816230769230769,13,0.0383,225.36,0.3526
CAMP00431,Westward,Footwear,Emerging Brand,2025-11-15,2025-11-20,5,New Arrival Launch,,7336,229,45436.3,0.0760266666666666,15,0.0312,198.41,0.3947
CAMP00432,Westward,Footwear,Emerging Brand,2025-11-23,2025-11-26,3,Mega Campaign,,3715,236,34552.75,0.08121875,16,0.0635,146.41,0.3797
CAMP00433,Westward,Footwear,Emerging Brand,2025-11-26,2025-11-29,3,Regular Sale,,5149,238,42503.96,0.0881714285714285,14,0.0462,178.59,0.4474
CAMP00434,FieldBrook,Footwear,Emerging Brand,2024-12-17,2024-12-22,5,Mega Campaign,,7344,475,62998.67,0.0828523809523809,21,0.0647,132.63,0.3041
CAMP00435,FieldBrook,Footwear,Emerging Brand,2025-01-16,2025-01-20,4,Mega Campaign,Anniversary Warm-Up,8720,582,79268.59,0.0837266666666666,15,0.0667,136.2,0.4238
CAMP00436,FieldBrook,Footwear,Emerging Brand,2025-02-26,2025-03-04,6,Regular Sale,,7168,351,50923.41,0.0865857142857142,14,0.049,145.08,0.1972
CAMP00437,FieldBrook,Footwear,Emerging Brand,2025-03-05,2025-03-08,3,Mega Campaign,International Women's Day Sale,5905,395,45360.9,0.0831099999999999,10,0.0669,114.84,0.353
CAMP00438,FieldBrook,Footwear,Emerging Brand,2025-06-01,2025-06-06,5,Regular Sale,,6359,340,57158.54,0.0890833333333333,18,0.0535,168.11,0.2025
CAMP00439,FieldBrook,Footwear,Emerging Brand,2025-06-13,2025-06-16,3,Regular Sale,,3888,135,23880.23,0.0856916666666666,12,0.0347,176.89,0.3727
CAMP00440,FieldBrook,Footwear,Emerging Brand,2025-06-20,2025-06-23,3,Regular Sale,,3611,161,22755.96,0.0925111111111111,18,0.0446,141.34,0.3688
CAMP00441,FieldBrook,Footwear,Emerging Brand,2025-07-18,2025-07-23,5,Regular Sale,,6372,352,61298.59,0.0758705882352941,17,0.0552,174.14,0.189
CAMP00442,FieldBrook,Footwear,Emerging Brand,2025-08-12,2025-08-15,3,Clearance Event,,3628,306,26575.53,0.084490909090909,11,0.0843,86.85,0.2029
CAMP00443,FieldBrook,Footwear,Emerging Brand,2025-08-29,2025-09-02,4,Mega Campaign,,6122,409,53080.34,0.0783368421052631,19,0.0668,129.78,0.2992
CAMP00444,FieldBrook,Footwear,Emerging Brand,2025-10-20,2025-10-25,5,Mega Campaign,Double 11 Peak Sale,11036,724,108084.11,0.0767095238095238,21,0.0656,149.29,0.4408
CAMP00445,FieldBrook,Footwear,Emerging Brand,2025-11-13,2025-11-17,4,Regular Sale,,4954,236,45683.21,0.0836529411764705,17,0.0476,193.57,0.2123
CAMP00446,FieldBrook,Footwear,Emerging Brand,2025-12-02,2025-12-09,7,Mega Campaign,,8792,446,47549.3,0.0899555555555555,9,0.0507,106.61,0.2493
CAMP00447,FieldBrook,Footwear,Emerging Brand,2025-12-08,2025-12-12,4,Mega Campaign,Lunar New Year Sale,9950,537,73056.93,0.080335,20,0.054,136.05,0.3007
CAMP00448,FieldBrook,Footwear,Emerging Brand,2025-12-10,2025-12-17,7,Mega Campaign,Lunar New Year Sale,18152,1071,135363.25,0.0813,16,0.059,126.39,0.2326
CAMP00449,Comely Step,Footwear,Emerging Brand,2024-12-06,2024-12-12,6,Mega Campaign,Lunar New Year Sale,13791,707,90733.92,0.0794833333333333,12,0.0513,128.34,0.2177
CAMP00450,Comely Step,Footwear,Emerging Brand,2024-12-28,2025-01-03,6,Mega Campaign,,7778,401,48792.35,0.0786375,16,0.0516,121.68,0.424
CAMP00451,Comely Step,Footwear,Emerging Brand,2025-01-25,2025-01-31,6,New Arrival Launch,,6548,199,39743.08,0.0798384615384615,13,0.0304,199.71,0.2113
CAMP00452,Comely Step,Footwear,Emerging Brand,2025-02-10,2025-02-15,5,Mega Campaign,Valentine Sale,6327,385,40436.22,0.08854,10,0.0609,105.03,0.3722
CAMP00453,Comely Step,Footwear,Emerging Brand,2025-04-08,2025-04-12,4,Mega Campaign,,4438,307,40468.25,0.0924933333333333,15,0.0692,131.82,0.2852
CAMP00454,Comely Step,Footwear,Emerging Brand,2025-04-27,2025-05-02,5,Mega Campaign,618 Mid-Year Sale,7530,477,57652.48,0.0951842105263157,19,0.0633,120.86,0.2074
CAMP00455,Comely Step,Footwear,Emerging Brand,2025-04-30,2025-05-05,5,Mega Campaign,618 Mid-Year Sale,8669,588,67972.35,0.0836875,16,0.0678,115.6,0.4075
CAMP00456,Comely Step,Footwear,Emerging Brand,2025-05-11,2025-05-18,7,Regular Sale,,7111,375,39951.5,0.0964363636363636,11,0.0527,106.54,0.2121
CAMP00457,Comely Step,Footwear,Emerging Brand,2025-06-30,2025-07-05,5,Regular Sale,,5298,268,37226.93,0.0882894736842105,19,0.0506,138.91,0.3776
CAMP00458,Comely Step,Footwear,Emerging Brand,2025-07-09,2025-07-14,5,Regular Sale,,5618,198,34921.72,0.0883846153846153,13,0.0352,176.37,0.1899
CAMP00459,Comely Step,Footwear,Emerging Brand,2025-07-10,2025-07-13,3,Mega Campaign,,3069,186,24574.37,0.0903166666666666,12,0.0606,132.12,0.2777
CAMP00460,Comely Step,Footwear,Emerging Brand,2025-07-22,2025-07-28,6,Regular Sale,,7042,286,42631.83,0.0839307692307692,13,0.0406,149.06,0.3636
CAMP00461,Comely Step,Footwear,Emerging Brand,2025-09-03,2025-09-09,6,Mega Campaign,Double 12 Mega Sale,6470,361,49534.8,0.0944052631578947,19,0.0558,137.22,0.2406
CAMP00462,Comely Step,Footwear,Emerging Brand,2025-09-27,2025-10-04,7,Regular Sale,,5984,271,45725.39,0.0912999999999999,11,0.0453,168.73,0.319
CAMP00463,Comely Step,Footwear,Emerging Brand,2025-10-15,2025-10-20,5,New Arrival Launch,,5069,199,21175.86,0.0740066666666666,15,0.0393,106.41,0.3024
CAMP00464,Comely Step,Footwear,Emerging Brand,2025-11-03,2025-11-07,4,New Arrival Launch,,4631,146,20187.11,0.0806666666666666,15,0.0315,138.27,0.1552
CAMP00465,Comely Step,Footwear,Emerging Brand,2025-11-06,2025-11-12,6,Mega Campaign,Summer Refresh Sale,17523,883,79790.45999999999,0.07189,10,0.0504,90.36,0.2262
CAMP00466,Comely Step,Footwear,Emerging Brand,2025-11-19,2025-11-26,7,Regular Sale,,8045,442,63054.8,0.08215625,16,0.0549,142.66,0.1545
CAMP00467,Comely Step,Footwear,Emerging Brand,2025-12-05,2025-12-09,4,Mega Campaign,,4508,367,35014.55,0.0880888888888888,18,0.0814,95.41,0.1594
CAMP00468,Zenith Harbor,Footwear,Emerging Brand,2024-12-30,2025-01-02,3,Clearance Event,,2631,214,17343.32,0.0889866666666666,15,0.0813,81.04,0.2669
CAMP00469,Zenith Harbor,Footwear,Emerging Brand,2025-01-17,2025-01-21,4,Mega Campaign,Anniversary Warm-Up,6637,319,29954.120000000003,0.0940235294117647,17,0.0481,93.9,0.2714
CAMP00470,Zenith Harbor,Footwear,Emerging Brand,2025-03-02,2025-03-07,5,Regular Sale,,4697,234,23946.44,0.0802857142857143,14,0.0498,102.34,0.4247
CAMP00471,Zenith Harbor,Footwear,Emerging Brand,2025-06-12,2025-06-17,5,Regular Sale,,5713,282,51829.84,0.07920625,16,0.0494,183.79,0.4271
CAMP00472,Zenith Harbor,Footwear,Emerging Brand,2025-07-16,2025-07-21,5,Clearance Event,,5557,293,23651.89,0.08620625,16,0.0527,80.72,0.2216
CAMP00473,Zenith Harbor,Footwear,Emerging Brand,2025-08-06,2025-08-10,4,Mega Campaign,Labor Day Sale,5875,362,42154.12,0.0839714285714285,14,0.0616,116.45,0.3078
CAMP00474,Zenith Harbor,Footwear,Emerging Brand,2025-08-09,2025-08-15,6,Mega Campaign,,5756,245,25119.370000000003,0.08643125,16,0.0426,102.53,0.2174
CAMP00475,Zenith Harbor,Footwear,Emerging Brand,2025-08-16,2025-08-20,4,Clearance Event,,4999,330,29262.51,0.0757375,8,0.066,88.67,0.2408
CAMP00476,Zenith Harbor,Footwear,Emerging Brand,2025-08-18,2025-08-25,7,Mega Campaign,,6092,360,33430.55,0.0832153846153846,13,0.0591,92.86,0.2689
CAMP00477,Zenith Harbor,Footwear,Emerging Brand,2025-08-31,2025-09-03,3,Regular Sale,,3341,147,20467.95,0.08949375,16,0.044,139.24,0.3156
CAMP00478,Zenith Harbor,Footwear,Emerging Brand,2025-09-02,2025-09-09,7,Mega Campaign,Double 12 Mega Sale,9520,624,69244.46,0.0832588235294117,17,0.0655,110.97,0.2397
CAMP00479,Zenith Harbor,Footwear,Emerging Brand,2025-09-17,2025-09-20,3,Regular Sale,,3363,176,26286.14,0.0822166666666666,18,0.0523,149.35,0.2022
CAMP00480,Zenith Harbor,Footwear,Emerging Brand,2025-10-26,2025-10-30,4,Regular Sale,,4261,200,32360.96,0.0771,9,0.0469,161.8,0.239
CAMP00481,Zenith Harbor,Footwear,Emerging Brand,2025-11-12,2025-11-17,5,Mega Campaign,Double 11 Encore,7251,426,47880.17,0.0910555555555555,9,0.0588,112.39,0.3961
CAMP00482,Zenith Harbor,Footwear,Emerging Brand,2025-11-18,2025-11-24,6,Mega Campaign,,6106,395,41508.21,0.0813363636363636,11,0.0647,105.08,0.3328
CAMP00483,Zenith Harbor,Footwear,Emerging Brand,2025-11-26,2025-12-02,6,Regular Sale,,5309,228,23901.51,0.0903333333333333,18,0.0429,104.83,0.1961
